user_id,learning_time_ms,start,end,logged_in_time_ms,language,country
1,14032710,2022-11-02T08:37:56.549Z,2023-02-09T11:08:02.599Z,22151340,de,CH
2,16268350,2022-09-07T07:53:38.865Z,2023-02-09T08:39:14.692Z,85421273,nl,NL
3,8012030,2021-09-27T07:45:51.806Z,2022-01-13T12:14:09.565Z,16651482,de,DE
4,1414421,2019-11-12T12:18:15.724Z,2020-10-02T09:20:28.798Z,4561768,de,CH
5,17502108,2022-04-26T11:38:44.114Z,2022-08-29T15:52:11.087Z,25601470,de,CH
6,8353125,2022-09-02T07:27:20.675Z,2023-02-01T10:35:15.218Z,19249399,nl,NL
7,7226229,2015-03-19T18:47:32.621Z,2015-05-29T18:17:32.889Z,9225357,,
8,64629753,2021-08-23T09:04:32.478Z,2022-06-20T12:13:06.081Z,125236245,de,CH
9,7647781,2019-08-20T17:02:06.155Z,2020-03-08T14:08:06.321Z,9089877,de,DE
10,22569161,2017-08-30T06:27:19.365Z,2021-07-08T14:09:17.450Z,33642991,de,
11,190525,2015-05-18T07:07:41.143Z,2016-09-01T17:26:40.007Z,3037981,de,
12,14194844,2020-04-03T15:30:18.573Z,2020-09-24T08:53:11.378Z,25910399,de,CH
13,880193,2022-10-18T20:33:14.044Z,2022-10-18T20:53:07.434Z,1193389,fr,CA
14,39935928,2021-08-13T07:24:25.301Z,2022-06-28T09:00:07.691Z,88997711,de,CH
15,45490997,2020-03-28T11:59:52.681Z,2021-02-22T13:30:44.704Z,68277226,de,CH
16,44310339,2018-03-07T18:21:46.888Z,2020-06-04T16:16:05.355Z,58048925,de,
17,5010474,2015-08-02T08:18:07.997Z,2022-11-07T07:38:59.551Z,22033432,de,
18,11127162,2016-11-24T13:14:40.893Z,2017-06-22T12:10:06.961Z,12749277,de,
19,59068640,2020-10-08T07:10:08.514Z,2021-10-29T06:53:56.218Z,212630308,nl,NL
20,50511614,2018-01-24T16:30:41.030Z,2018-08-08T15:41:05.196Z,83067107,de,
21,37742755,2018-11-21T13:56:07.321Z,2019-02-12T18:37:10.667Z,58151426,de,CH
22,0,2017-02-10T20:26:41.955Z,2017-02-10T20:28:17.566Z,95611,en,US
23,116133797,2015-11-10T09:51:25.808Z,2017-08-24T17:08:10.614Z,162007391,de,
24,87073039,2017-09-21T22:54:37.908Z,2019-04-24T21:52:03.070Z,201904823,fr,CA
25,39237953,2019-03-26T15:38:07.664Z,2019-08-19T15:35:23.915Z,57877900,de,CH
26,25246502,2017-12-04T10:20:28.311Z,2018-06-26T09:05:08.887Z,32864528,de,
27,63895381,2022-04-19T18:06:30.585Z,2023-02-06T18:57:04.397Z,136455424,nl,NL
28,13331018,2020-04-09T18:05:03.783Z,2021-05-14T15:03:33.590Z,34219043,de,CH
29,31859242,2020-02-24T10:38:41.844Z,2020-06-27T10:43:31.547Z,51177080,de,CH
30,19077976,2020-05-20T06:49:32.952Z,2020-09-11T08:43:44.637Z,26715469,de,CH
31,31251445,2019-10-23T07:15:12.277Z,2020-08-30T18:59:43.897Z,50000993,de,CH
32,26489940,2015-04-06T18:46:00.307Z,2016-02-02T14:54:05.571Z,39215673,,
33,42224643,2015-10-29T13:41:55.278Z,2016-12-12T09:51:31.883Z,52928650,de,
34,2069694,2021-09-14T14:13:57.530Z,2022-01-27T08:06:10.244Z,7003292,nl,NL
35,33175906,2020-08-10T11:49:23.200Z,2021-07-07T09:57:21.732Z,56839952,de,CH
36,36489683,2015-12-14T08:21:37.305Z,2016-04-29T09:34:07.032Z,43707953,de,
37,2934385,2021-03-16T14:03:07.622Z,2022-01-07T14:51:48.192Z,8445301,de,CH
38,19629562,2020-10-03T14:34:27.670Z,2020-12-11T08:58:48.232Z,36711634,nl,NL
39,7163857,2022-10-04T11:53:11.621Z,2023-02-03T12:28:42.180Z,22518182,nl,NL
40,16728368,2021-11-24T09:41:55.242Z,2022-02-17T08:26:20.533Z,36548015,nl,NL
41,68845837,2017-02-15T09:24:29.384Z,2020-03-29T17:38:27.394Z,117420604,de,
42,38385519,2015-10-30T11:48:43.041Z,2016-11-10T10:18:34.843Z,56108810,de,
43,0,2018-04-20T06:58:07.444Z,2018-04-20T06:58:28.551Z,21107,de,
44,22726394,2018-08-27T08:48:35.366Z,2019-07-09T07:53:41.372Z,28250434,de,
45,44718447,2018-11-08T17:11:06.176Z,2020-04-15T11:46:22.925Z,56575763,de,CH
46,10578730,2018-11-08T14:10:10.729Z,2019-05-02T13:20:34.125Z,17111731,de,DE
47,47219423,2022-02-21T11:44:24.298Z,2022-11-28T08:04:34.083Z,173834634,nl,NL
48,136534747,2021-06-25T06:47:56.981Z,2022-07-12T13:54:22.424Z,162091711,de,CH
49,50120113,2021-08-25T08:58:22.325Z,2023-01-31T09:45:07.771Z,96241659,de,CH
50,7637525,2021-03-15T08:12:11.086Z,2021-07-20T09:58:00.487Z,26342159,nl,NL
51,189315,2021-09-16T11:21:18.126Z,2021-09-16T11:27:57.427Z,399300,de,DE
52,668265,2022-04-11T09:43:03.644Z,2022-04-13T09:55:35.076Z,3758248,nl,NL
53,14760972,2021-05-12T06:44:32.398Z,2021-08-17T19:30:45.316Z,17310936,de,CH
54,12280865,2021-04-11T10:44:57.457Z,2021-05-16T15:49:10.291Z,27125574,de,CH
55,22223172,2022-03-29T08:28:03.807Z,2023-01-18T14:14:49.562Z,45856173,de,CH
56,51904747,2021-03-08T13:10:18.866Z,2022-08-20T13:58:39.014Z,74414528,de,CH
57,44509249,2022-02-28T12:45:02.685Z,2022-11-03T12:54:02.453Z,170078822,nl,NL
58,1558460,2020-03-19T14:50:38.855Z,2020-09-09T12:41:06.872Z,4568820,de,CH
59,174570421,2016-04-01T23:43:52.730Z,2017-11-02T20:08:03.964Z,257114492,de,
60,67817614,2016-11-03T12:45:07.694Z,2018-09-19T17:49:48.591Z,89144044,de,
61,108365796,2017-10-23T12:40:13.185Z,2018-07-04T17:23:08.796Z,122591978,de,
62,136093,2019-11-20T17:04:42.777Z,2019-11-20T17:22:44.049Z,1081272,de,DE
63,17045303,2022-10-17T08:30:53.444Z,2023-01-25T07:15:25.267Z,31500643,de,CH
64,1702259,2022-11-16T18:14:51.225Z,2022-11-16T18:49:42.699Z,2091473,fr,CA
65,19760146,2021-09-28T13:26:17.875Z,2022-04-28T10:04:07.973Z,39009199,de,CH
66,21655109,2020-11-11T07:37:51.249Z,2021-12-09T10:19:13.742Z,38381986,de,CH
67,26179734,2022-01-25T15:45:39.095Z,2022-03-25T15:10:53.039Z,39677961,de,CH
68,16977164,2021-02-10T07:23:29.072Z,2022-06-07T06:53:06.119Z,70326136,de,CH
69,6864658,2022-12-01T08:20:41.853Z,2023-02-05T14:55:48.994Z,10081580,de,CH
70,49133525,2021-12-06T07:50:35.123Z,2022-12-18T14:27:09.164Z,139452768,de,CH
71,6361139,2019-01-17T09:56:18.377Z,2019-02-28T08:45:11.417Z,8260765,de,
72,25947160,2022-09-14T07:22:23.563Z,2023-01-10T13:26:17.092Z,41943420,de,CH
73,21687284,2016-01-21T15:35:16.967Z,2016-06-07T17:18:37.842Z,26494161,de,
74,6218181,2017-04-04T12:18:28.317Z,2017-09-19T18:11:16.733Z,7249822,de,
75,18820111,2018-09-07T13:13:29.730Z,2020-03-30T18:11:58.021Z,26201436,de,
76,79838637,2022-03-08T09:42:19.592Z,2023-02-05T10:26:20.304Z,106136927,de,CH
77,2981625,2020-11-12T14:35:25.322Z,2021-01-14T15:37:40.701Z,8507784,nl,NL
78,0,2022-05-06T08:29:04.602Z,2022-05-06T08:44:12.582Z,907979,de,CH
79,11691011,2022-08-16T07:12:49.826Z,2023-01-04T18:11:06.750Z,18190030,de,CH
80,48025944,2022-02-16T10:13:06.449Z,2023-02-10T08:31:14.536Z,131490145,nl,NL
81,3079056,2021-04-20T07:17:58.146Z,2021-05-17T09:48:00.177Z,11452030,de,CH
82,791773,2020-11-06T11:38:37.944Z,2020-11-27T13:59:13.211Z,3434980,de,CH
83,0,2019-01-14T17:48:06.677Z,2019-01-14T18:03:14.511Z,907834,de,CH
84,99723738,2020-04-09T09:22:01.789Z,2021-05-11T10:53:31.857Z,147467560,de,CH
85,630809,2016-09-29T07:50:56.737Z,2016-09-29T08:04:49.906Z,833169,de,
86,8757821,2021-03-05T13:22:15.623Z,2023-01-26T08:08:06.816Z,21596474,de,CH
87,12245641,2019-08-23T07:23:42.132Z,2021-05-19T09:12:02.482Z,16163251,de,
88,1263280,2019-04-04T08:46:32.542Z,2020-01-16T10:53:43.247Z,3927881,de,
89,25246502,2017-12-04T10:20:28.311Z,2018-06-26T09:05:08.887Z,32864528,de,
90,19813607,2018-11-02T12:33:00.526Z,2019-07-08T07:54:06.442Z,32360722,de,
91,51559849,2022-02-16T08:30:36.130Z,2023-02-10T11:14:25.568Z,178384663,nl,NL
92,61087056,2019-02-27T16:56:14.340Z,2021-08-25T12:48:00.587Z,143939838,de,CH
93,2442815,2022-08-30T08:26:11.539Z,2023-01-17T09:53:54.200Z,7108643,de,CH
94,40771674,2019-01-31T09:49:49.870Z,2022-06-27T08:44:00.941Z,95255723,de,CH
95,21166252,2022-06-02T07:26:37.803Z,2023-02-10T11:33:02.864Z,57292531,nl,NL
96,100966074,2016-10-06T13:19:59.641Z,2017-09-09T15:25:34.561Z,143851891,de,
97,0,2021-12-20T10:39:23.892Z,2021-12-20T10:39:30.408Z,6516,de,CH
98,138460,2018-11-26T12:11:45.429Z,2018-11-26T12:29:49.986Z,1084557,de,DE
99,17773871,2021-09-03T09:51:43.220Z,2021-12-07T18:01:10.340Z,22451129,nl,NL
100,22227967,2018-02-06T07:32:41.976Z,2018-03-25T19:08:39.338Z,29734918,de,
101,32474828,2019-09-17T08:52:53.694Z,2023-02-10T08:22:14.757Z,70458970,de,CH
102,14435372,2018-10-24T11:38:59.046Z,2019-03-17T18:04:06.874Z,19097012,de,CH
103,155377560,2017-10-26T06:37:42.755Z,2019-08-03T10:18:40.608Z,203886995,de,
104,252236,2016-01-06T21:07:57.046Z,2016-01-08T19:53:53.281Z,317923,de,
105,1632634,2022-09-15T20:03:16.529Z,2022-09-19T09:37:47.634Z,3876297,de,CH
106,2443311,2020-12-14T15:40:17.329Z,2021-06-11T06:57:40.044Z,5067791,de,DE
107,11638178,2016-11-20T14:10:36.311Z,2017-03-24T11:39:13.434Z,19957321,fr,FR
108,31357501,2022-12-29T19:01:45.055Z,2023-02-10T17:24:24.247Z,43243103,de,CH
109,101750699,2017-09-07T08:32:56.132Z,2021-05-04T12:38:01.800Z,141704070,de,
110,123322375,2015-09-17T12:19:42.563Z,2018-07-12T12:13:54.637Z,167340119,de,
111,5268230,2016-11-11T15:14:55.958Z,2017-01-18T14:17:57.777Z,6046001,de,
112,16364771,2021-11-15T13:39:40.048Z,2022-11-07T16:56:01.196Z,33449907,de,CH
113,26908910,2019-03-23T10:29:34.163Z,2019-10-28T09:32:29.308Z,39013675,de,CH
114,56960556,2019-05-15T13:14:46.279Z,2019-08-13T12:00:41.500Z,64765837,de,
115,107273,2022-08-30T13:38:22.958Z,2023-01-24T19:00:14.670Z,1996686,de,CH
116,112396371,2019-08-22T15:24:31.436Z,2022-08-21T14:05:22.342Z,131291334,de,CH
117,121297890,2021-10-29T06:39:45.059Z,2023-01-10T15:13:06.492Z,168216706,de,CH
118,0,2021-10-08T13:17:12.478Z,2021-10-08T13:42:36.252Z,1523774,fr,CA
119,0,2021-02-09T11:29:05.623Z,2021-03-28T17:47:41.712Z,2798821,de,CH
120,60358190,2020-10-01T06:26:53.951Z,2021-07-04T14:07:12.640Z,105945301,nl,NL
121,1359047,2017-06-21T09:45:31.587Z,2017-07-05T09:44:08.863Z,2128286,de,
122,0,2022-02-05T09:00:31.183Z,2022-02-05T09:16:10.025Z,938842,de,CH
123,12044964,2016-06-25T11:03:31.901Z,2017-04-26T17:35:30.390Z,16295301,de,
124,362097,2020-04-16T07:35:31.409Z,2020-04-16T07:43:54.598Z,503189,de,CH
125,84112302,2022-09-12T14:50:53.044Z,2023-02-07T12:48:56.784Z,118472825,nl,NL
126,7022428,2018-11-28T07:21:15.607Z,2019-09-20T13:15:36.260Z,8721096,de,
127,26158872,2018-02-08T10:29:14.989Z,2019-04-17T09:29:41.301Z,68067273,de,
128,266376,2021-04-05T15:16:15.270Z,2021-04-05T15:50:38.522Z,2063252,de,CH
129,27902481,2018-09-17T15:30:59.231Z,2019-07-01T16:30:48.340Z,45803713,de,
130,15831090,2017-07-26T19:18:16.736Z,2017-11-20T18:45:19.765Z,313321257,de,
131,16393714,2018-10-25T06:05:25.904Z,2018-12-17T13:12:20.596Z,19813885,de,CH
132,76402824,2020-03-11T10:22:42.145Z,2022-06-01T11:54:16.266Z,121628940,de,CH
133,55608494,2020-11-12T10:19:09.243Z,2021-06-25T07:51:23.969Z,65443845,fr,CH
134,15431910,2022-03-11T17:15:11.511Z,2022-10-28T17:13:10.279Z,27677449,de,CH
135,5757204,2017-09-08T10:52:43.440Z,2021-02-26T14:59:50.005Z,9730788,de,
136,4070086,2021-04-07T06:52:45.269Z,2021-04-28T07:19:52.173Z,10823894,nl,NL
137,5735569,2021-05-18T10:37:11.719Z,2022-01-17T15:46:03.269Z,8431717,de,CH
138,1208742,2020-01-13T12:00:33.645Z,2020-04-30T08:02:10.385Z,4203968,de,CH
139,8660446,2016-04-01T07:30:57.330Z,2017-02-21T18:20:10.911Z,11803791,de,
140,60214115,2021-02-16T10:45:04.104Z,2022-07-07T07:24:05.797Z,104617294,nl,NL
141,0,2020-05-05T15:39:54.352Z,2020-06-10T14:56:16.970Z,1880276,de,CH
142,46064812,2021-10-28T07:39:40.782Z,2022-07-11T08:52:44.992Z,100591090,nl,NL
143,28553401,2016-06-14T16:17:42.167Z,2016-07-31T14:17:57.597Z,36407863,de,
144,74150096,2019-02-27T10:14:33.728Z,2022-06-24T05:35:47.673Z,121077462,de,CH
145,6684891,2016-09-14T12:06:18.938Z,2017-11-04T12:35:11.045Z,8616154,de,
146,426563,2023-02-10T08:49:06.195Z,2023-02-10T09:26:02.746Z,2212825,sv,SE
147,59091812,2021-03-02T10:49:40.055Z,2021-09-24T11:20:41.128Z,91651724,nl,NL
148,1257497,2022-01-24T13:08:57.586Z,2022-01-31T13:29:43.669Z,3221721,de,DE
149,9309995,2019-06-27T06:23:50.694Z,2020-08-29T10:48:42.066Z,19420289,de,DE
150,116999942,2018-02-19T11:47:55.160Z,2019-06-13T11:52:50.931Z,160359249,de,
151,0,2023-01-09T11:32:32.474Z,2023-01-26T11:53:02.633Z,1842271,de,CH
152,25940543,2020-03-30T08:23:34.869Z,2021-07-01T18:25:01.965Z,49767491,de,CH
153,23951739,2020-09-15T07:22:20.669Z,2022-04-07T15:50:17.320Z,44987065,de,CH
154,12151311,2018-03-19T15:39:27.090Z,2018-06-14T16:08:53.482Z,35338784,fr,CA
155,33458164,2020-03-15T20:05:11.572Z,2020-11-19T17:10:29.648Z,50617021,de,CH
156,98203070,2020-09-22T09:51:43.896Z,2022-04-06T10:00:29.552Z,299759049,nl,NL
157,350058,2019-01-16T17:53:30.543Z,2020-03-15T19:17:06.206Z,1975488,de,CH
158,26670285,2018-05-23T10:06:36.377Z,2019-03-25T10:43:03.473Z,29439245,de,
159,4484064,2016-09-03T10:53:33.684Z,2017-09-18T16:53:45.960Z,6116471,de,
160,16033942,2015-12-26T10:45:17.071Z,2016-03-05T13:35:26.895Z,19813033,de,
161,2230587,2019-10-02T18:07:09.292Z,2019-10-09T18:08:06.594Z,3673536,fr,FR
162,27626136,2023-01-11T07:44:52.020Z,2023-02-10T12:29:14.703Z,71386396,nl,NL
163,26626498,2017-10-03T13:45:51.109Z,2017-12-14T15:47:03.876Z,32731388,de,
164,36803298,2019-02-28T09:02:58.562Z,2021-10-19T10:16:06.478Z,51645988,de,DE
165,1220402,2020-06-12T08:59:07.828Z,2020-06-12T09:26:11.450Z,1623622,de,CH
166,8423728,2022-04-28T09:40:09.959Z,2022-08-22T18:14:58.738Z,18022335,de,CH
167,26040158,2019-03-11T12:58:35.033Z,2019-07-25T19:29:26.733Z,287115328,de,
168,11503450,2022-07-06T07:03:47.765Z,2022-11-23T13:45:45.431Z,25229030,nl,NL
169,20190578,2021-11-02T10:37:44.213Z,2022-04-04T16:25:48.075Z,32848991,de,DE
170,27237654,2017-10-22T11:01:05.894Z,2018-01-15T14:20:00.622Z,66997129,de,
171,1800095,2021-04-16T07:48:18.683Z,2021-11-15T07:59:40.581Z,3656297,nl,NL
172,33040592,2016-02-19T11:18:41.150Z,2016-08-24T20:48:06.814Z,43736002,de,
173,37842153,2015-09-21T06:31:03.704Z,2016-06-01T12:03:46.983Z,53023822,de,
174,89880552,2020-11-10T10:25:28.293Z,2021-07-05T10:08:06.019Z,160879883,nl,NL
175,129726,2019-12-28T13:02:46.504Z,2021-04-06T20:33:12.835Z,5326076,de,CH
176,6629093,2021-09-15T10:16:43.880Z,2023-01-16T08:58:52.671Z,20508586,nl,NL
177,48113360,2021-10-08T07:30:52.720Z,2022-07-08T07:11:33.561Z,143526152,nl,NL
178,30045383,2021-11-05T10:46:04.111Z,2023-02-08T09:00:44.833Z,113102246,nl,NL
179,68752975,2015-08-28T06:50:40.581Z,2016-06-19T12:38:39.945Z,88951995,de,
180,43464867,2018-08-23T14:11:10.721Z,2019-06-19T19:04:33.796Z,71788860,de,
181,4086475,2022-08-31T20:48:59.979Z,2023-01-21T03:35:32.526Z,9356374,de,CH
182,18421892,2020-11-09T16:22:00.593Z,2020-12-14T19:28:06.900Z,44373317,fr,CA
183,18842054,2019-10-24T18:07:03.427Z,2020-04-20T12:12:13.140Z,32888682,de,DE
184,37,2016-11-22T09:42:51.578Z,2016-11-22T09:43:00.103Z,8525,fr,FR
185,3232599,2022-05-19T09:26:23.158Z,2022-06-02T12:48:59.357Z,9670299,nl,NL
186,8416393,2022-11-01T14:00:14.845Z,2023-02-07T13:02:24.784Z,12272060,fr,CH
187,6595390,2020-08-28T18:55:57.680Z,2020-09-17T16:08:44.662Z,11846003,de,CH
188,102143121,2020-09-08T07:41:30.903Z,2022-04-08T08:14:06.207Z,284879868,nl,NL
189,6375017,2019-03-05T21:26:06.074Z,2019-03-30T08:12:22.225Z,8617627,de,CH
190,1497593,2019-11-14T16:09:15.830Z,2022-06-10T07:37:45.957Z,8700536,de,CH
191,51403519,2020-03-19T08:55:35.444Z,2020-09-02T11:59:14.467Z,61900871,de,CH
192,82037504,2020-03-18T13:49:47.394Z,2020-08-18T09:35:53.684Z,98544016,fr,FR
193,137528929,2019-03-21T10:09:27.154Z,2022-02-22T08:19:13.402Z,175854935,de,CH
194,16089670,2015-12-30T18:53:14.626Z,2016-02-14T12:49:31.311Z,20478556,de,
195,162976,2020-03-26T13:25:46.433Z,2020-03-27T10:08:08.008Z,2129718,de,CH
196,17576001,2022-01-27T13:15:38.795Z,2023-01-27T13:36:08.986Z,46494598,nl,NL
197,14182800,2020-11-03T13:18:03.549Z,2021-01-14T11:20:50.126Z,28620603,nl,NL
198,0,2022-04-28T17:45:54.448Z,2022-04-28T17:48:32.220Z,157771,fr,CA
199,62640714,2021-05-21T10:53:08.698Z,2023-02-06T08:30:03.504Z,158787553,nl,NL
200,13898246,2018-09-04T11:38:36.022Z,2020-11-03T09:04:56.934Z,28747264,de,
201,10580305,2017-09-21T07:12:22.406Z,2018-07-05T08:38:47.408Z,12444812,de,
202,24856403,2022-09-09T12:29:22.544Z,2023-02-09T13:31:24.484Z,58237025,nl,NL
203,38243125,2022-08-29T08:33:43.296Z,2023-02-11T13:16:06.952Z,61998551,de,CH
204,0,2022-02-23T09:17:11.518Z,2022-02-23T09:32:21.135Z,909617,de,CH
205,9326712,2020-03-20T18:21:56.395Z,2020-06-27T09:13:16.781Z,12319444,de,CH
206,17028030,2020-06-04T06:27:59.946Z,2020-07-14T07:27:24.290Z,26179753,nl,NL
207,99063482,2021-06-22T09:49:25.190Z,2023-01-23T09:03:55.425Z,221844878,nl,NL
208,15258316,2021-08-19T08:35:08.419Z,2021-10-01T09:25:02.708Z,19246045,de,CH
209,35615588,2021-09-09T12:31:08.650Z,2022-11-02T12:52:45.348Z,83835907,de,CH
210,2439118,2022-09-30T12:58:01.562Z,2023-01-13T11:14:13.886Z,6867530,nl,NL
211,0,2020-08-30T12:35:40.810Z,2020-08-30T12:52:42.684Z,1021873,de,CH
212,216589642,2020-10-20T06:39:44.956Z,2022-11-25T08:45:02.872Z,544321173,nl,NL
213,22433644,2022-03-03T07:42:48.975Z,2022-07-08T07:21:13.644Z,59137266,nl,NL
214,23630799,2020-07-18T15:30:08.178Z,2020-08-24T08:06:46.463Z,41700802,de,CH
215,8093814,2019-11-05T07:57:26.678Z,2020-03-13T10:59:16.785Z,12179719,de,CH
216,70512413,2020-03-20T17:22:32.309Z,2022-02-03T07:54:10.156Z,131076171,nl,NL
217,13073596,2022-09-29T06:32:10.024Z,2023-01-19T07:41:54.989Z,15716074,de,CH
218,142796601,2019-08-21T06:49:02.524Z,2022-10-24T16:28:03.907Z,179836121,de,CH
219,31147537,2019-01-07T10:18:13.492Z,2020-01-21T17:31:56.923Z,43868412,de,CH
220,63776589,2019-04-03T16:40:32.960Z,2020-05-03T08:19:12.954Z,111480347,de,CH
221,58246380,2020-03-23T11:03:41.333Z,2020-06-30T11:04:22.161Z,70680173,de,CH
222,0,2018-09-03T04:13:39.445Z,2018-09-03T04:34:10.722Z,1231277,de,
223,16623673,2017-01-09T12:57:59.147Z,2019-03-02T16:00:55.991Z,24480959,de,
224,9184033,2017-10-09T17:38:09.310Z,2017-11-30T17:50:29.214Z,11355787,de,
225,36170862,2022-05-11T09:58:30.676Z,2023-02-09T08:02:23.837Z,99607808,nl,NL
226,40936802,2020-03-25T12:55:39.955Z,2021-01-26T12:51:15.246Z,73030307,nl,NL
227,4973411,2017-11-14T14:10:14.750Z,2018-12-15T08:56:59.533Z,10298911,de,
228,18063609,2019-01-22T12:10:50.539Z,2019-05-06T15:26:00.319Z,28982102,de,CH
229,23466442,2018-05-18T11:40:13.324Z,2019-01-09T15:45:26.375Z,30449505,de,
230,10458977,2018-10-26T12:11:13.457Z,2018-12-23T14:16:20.008Z,14674644,de,CH
231,15664674,2022-11-25T10:17:09.353Z,2023-02-01T12:31:53.501Z,41352947,nl,NL
232,3218145,2017-11-27T14:08:02.243Z,2018-10-23T07:29:32.625Z,7570166,de,
233,1259033,2022-03-25T07:50:02.951Z,2022-03-25T08:27:33.670Z,1760506,de,AT
234,25427142,2018-10-30T07:39:34.958Z,2021-01-04T15:29:35.197Z,35125054,de,CH
235,26209485,2022-12-21T18:26:42.541Z,2023-02-02T18:22:29.300Z,44086096,nl,NL
236,48884593,2021-01-15T08:38:52.560Z,2021-06-25T09:09:08.557Z,169019433,nl,NL
237,1128489,2021-09-28T07:16:44.487Z,2021-09-28T08:04:45.847Z,2881359,de,CH
238,50302032,2020-04-02T13:21:26.167Z,2021-06-01T09:10:15.632Z,105441950,nl,NL
239,11895577,2018-11-12T13:45:31.036Z,2019-04-07T16:21:00.001Z,22491393,de,CH
240,8078674,2017-08-30T07:05:57.274Z,2018-01-11T09:28:51.699Z,10586968,fr,CH
241,4516001,2017-02-21T10:26:48.107Z,2017-11-28T18:08:55.282Z,6021188,de,
242,0,2015-09-16T19:34:18.658Z,2015-09-16T19:34:41.475Z,22817,fr,BE
243,1350674,2018-03-10T16:18:27.245Z,2018-03-10T17:58:15.418Z,5988173,de,
244,45564029,2022-01-05T15:20:18.755Z,2022-06-01T18:12:49.243Z,62571013,de,CH
245,95109442,2019-11-19T14:24:36.335Z,2020-06-29T08:44:52.891Z,161349653,de,CH
246,11205833,2020-01-14T13:21:04.105Z,2020-09-10T12:50:13.378Z,17765770,de,CH
247,57099645,2020-03-24T09:36:22.314Z,2022-06-24T07:49:12.688Z,129114658,nl,NL
248,47639695,2022-01-03T07:21:38.004Z,2022-10-14T10:34:25.337Z,81624085,de,CH
249,17992526,2020-11-03T09:41:51.547Z,2020-11-25T16:11:04.389Z,27465978,de,CH
250,0,2020-03-29T09:36:59.424Z,2020-03-29T09:52:10.404Z,910980,de,DE
251,810316,2019-11-11T08:09:45.764Z,2019-11-11T08:41:41.110Z,1915346,de,DE
252,49291062,2016-05-29T14:53:39.609Z,2016-12-08T16:25:54.134Z,62220880,de,
253,18970,2020-02-12T07:13:23.516Z,2020-06-17T06:39:16.403Z,1916938,de,CH
254,3955750,2021-02-19T10:38:58.621Z,2022-02-25T14:09:12.932Z,11356068,nl,NL
255,1218898,2020-04-20T14:25:03.844Z,2020-04-21T15:00:12.214Z,1719321,de,CH
256,151482637,2016-01-06T08:16:21.896Z,2019-06-21T06:19:58.811Z,188372424,de,
257,1680088,2022-06-14T16:23:39.809Z,2022-06-14T17:12:54.697Z,2954888,de,CH
258,13635699,2022-08-23T06:44:47.665Z,2023-01-31T08:59:02.719Z,41858884,de,CH
259,53011988,2021-11-12T12:22:46.907Z,2023-02-06T09:09:03.713Z,116005401,nl,NL
260,1252365,2020-03-31T16:58:52.996Z,2020-05-13T19:13:04.656Z,3683042,de,CH
261,100862696,2021-02-23T08:01:51.769Z,2022-06-21T07:03:13.356Z,180141532,de,CH
262,19882347,2022-10-29T19:45:33.338Z,2023-01-30T17:08:03.307Z,31462861,de,DE
263,18793527,2017-08-17T07:02:13.301Z,2017-11-20T09:07:05.887Z,46600691,de,
264,0,2020-10-01T12:44:42.562Z,2021-02-16T15:02:00.823Z,1837047,de,CH
265,28948114,2022-06-23T09:34:56.725Z,2023-02-08T08:27:08.572Z,36846893,de,DE
266,163109850,2020-11-11T10:13:30.979Z,2022-07-04T12:09:06.760Z,541171689,nl,NL
267,131954489,2022-03-15T07:14:26.310Z,2023-02-10T20:03:12.757Z,218611714,de,CH
268,40434019,2021-04-16T07:48:52.047Z,2021-10-15T09:09:41.621Z,106629731,nl,NL
269,61332944,2021-06-07T11:22:43.121Z,2023-01-23T10:57:55.671Z,102044359,nl,NL
270,44096834,2017-08-22T09:17:04.619Z,2021-06-11T07:01:06.556Z,65181694,de,
271,165843506,2020-01-07T14:28:18.193Z,2022-12-13T17:20:58.393Z,189582541,de,CH
272,7407387,2018-12-29T16:48:56.669Z,2021-02-16T18:02:08.116Z,15828280,de,CH
273,102412263,2020-02-27T08:26:39.607Z,2023-01-27T17:42:47.822Z,134049130,de,CH
274,17310618,2022-01-12T07:35:02.952Z,2022-02-19T13:15:59.128Z,28548729,nl,NL
275,10817498,2022-03-17T11:39:01.634Z,2022-05-01T12:45:13.263Z,16607262,sv,SE
276,2764569,2016-11-10T13:54:55.809Z,2016-11-17T14:22:35.752Z,3244566,de,
277,393577,2019-04-17T07:00:45.067Z,2019-05-22T10:02:02.712Z,2366729,de,CH
278,48966108,2021-12-06T18:24:03.157Z,2023-02-02T07:15:02.491Z,92280275,de,CH
279,39342997,2017-03-10T08:02:42.122Z,2019-07-03T07:53:23.485Z,91051037,de,
280,19583003,2022-11-29T11:56:22.704Z,2023-02-06T17:21:04.322Z,34647462,de,CH
281,8528415,2020-03-31T11:18:33.914Z,2022-02-11T12:40:12.863Z,21540602,de,CH
282,35794987,2017-05-31T07:29:59.386Z,2020-12-01T07:59:52.755Z,83166938,de,
283,201870136,2017-05-19T12:37:09.657Z,2020-06-23T06:49:17.253Z,236883638,de,
284,25815696,2018-11-21T08:06:20.671Z,2020-03-05T18:30:07.617Z,34600579,de,CH
285,17549819,2022-03-04T12:51:49.251Z,2022-11-09T13:28:54.435Z,38132034,de,CH
286,18870061,2021-12-10T13:38:51.441Z,2022-04-25T14:51:36.639Z,40777279,de,CH
287,117593819,2017-12-18T08:37:37.420Z,2019-08-24T09:33:38.504Z,259377576,en,CA
288,173083139,2015-06-16T18:01:43.724Z,2017-01-15T18:08:03.306Z,226745655,de,
289,6553507,2023-02-06T10:12:07.310Z,2023-02-10T17:55:33.478Z,14774538,nl,NL
290,6255807,2022-08-23T07:30:08.229Z,2022-11-18T14:05:06.114Z,15339267,de,CH
291,24439636,2022-09-06T06:41:54.274Z,2023-02-09T12:14:17.282Z,39207492,nl,NL
292,39883500,2015-10-22T12:54:03.261Z,2017-02-13T17:23:39.095Z,53108026,de,
293,31559309,2016-09-15T11:32:06.844Z,2016-12-23T13:37:21.761Z,41013166,de,
294,6272423,2019-11-08T07:49:19.351Z,2020-05-12T07:28:11.150Z,16947850,de,CH
295,26426139,2018-11-28T07:47:29.720Z,2019-10-03T07:22:04.374Z,66903930,fr,CH
296,849664,2017-10-05T14:34:24.722Z,2017-10-05T14:50:07.793Z,943071,de,
297,58479755,2015-12-17T11:05:36.314Z,2017-06-05T08:51:33.049Z,83054696,de,
298,0,2020-01-27T15:26:00.276Z,2020-01-27T15:43:25.255Z,924099,de,CH
299,111426540,2015-10-20T05:46:06.433Z,2017-08-29T18:08:19.378Z,132491085,de,
300,42256441,2019-01-30T08:17:45.942Z,2019-06-03T17:08:41.254Z,67069629,de,CH
301,79819916,2021-09-14T07:29:49.839Z,2023-02-06T18:33:54.934Z,99577586,nl,NL
302,14131184,2021-02-11T13:30:13.581Z,2021-06-10T13:24:02.996Z,29197261,nl,NL
303,57394276,2019-08-26T08:49:41.917Z,2022-06-30T08:03:13.016Z,138120541,de,CH
304,2071590,2022-05-11T08:52:02.702Z,2022-06-05T15:13:41.635Z,5066112,de,CH
305,35838672,2021-10-28T07:39:41.308Z,2023-02-01T10:25:20.628Z,115792957,nl,NL
306,35738569,2022-01-21T10:07:31.469Z,2022-09-13T11:14:09.789Z,81932209,nl,NL
307,18523946,2020-05-21T13:34:38.427Z,2021-08-29T15:32:20.531Z,27962488,de,CH
308,7364857,2019-05-17T08:50:15.077Z,2020-01-31T07:54:52.938Z,11149428,de,
309,273130,2020-12-17T08:59:44.029Z,2021-03-12T08:36:13.730Z,2460486,de,DE
310,49603504,2021-10-22T08:32:45.443Z,2023-01-06T11:04:13.381Z,82850875,nl,NL
311,26254609,2020-03-20T12:40:05.636Z,2020-06-08T11:06:39.402Z,39126294,de,CH
312,7307388,2022-09-13T11:52:31.675Z,2023-01-10T12:43:49.473Z,22219995,de,CH
313,119975700,2019-02-26T08:13:13.038Z,2019-12-13T16:46:43.515Z,163578113,de,CH
314,81028141,2020-06-15T18:58:41.119Z,2022-03-26T09:30:22.645Z,132129269,de,CH
315,8999524,2020-03-24T13:40:50.415Z,2020-05-23T09:45:44.123Z,17235925,de,DE
316,66571034,2018-10-19T15:04:07.825Z,2019-04-07T10:05:48.552Z,80211199,de,
317,0,2018-11-22T12:10:11Z,2018-11-22T12:10:41.463Z,22882,de,CH
318,34556801,2022-11-04T05:44:16.899Z,2023-02-12T09:29:33.737Z,52148047,de,CH
319,49574857,2020-11-10T09:32:26.693Z,2021-02-18T15:34:13.739Z,78815494,de,CH
320,351779,2020-06-07T10:57:23.708Z,2020-06-29T16:48:13.341Z,3346025,de,CH
321,18919138,2022-08-27T16:01:36.439Z,2023-01-23T11:22:56.193Z,44456313,de,DE
322,27137116,2018-03-27T06:37:52.434Z,2018-06-23T10:39:29.470Z,36001025,de,
323,0,2016-12-06T15:09:27.911Z,2016-12-06T15:09:32.884Z,4973,en,CA
324,4889371,2016-12-20T09:28:47.693Z,2017-12-29T16:30:27.807Z,7065163,de,
325,15494,2022-01-21T17:41:59.485Z,2022-01-27T17:24:09.562Z,4304521,de,CH
326,23538035,2021-10-28T10:58:56.134Z,2023-02-09T12:57:00.405Z,66673115,nl,NL
327,57853806,2021-09-21T11:03:31.875Z,2022-06-10T06:51:13.555Z,77942719,de,CH
328,112540884,2016-01-21T19:20:31.149Z,2016-11-01T16:12:05.698Z,135501358,de,
329,656610,2019-05-11T10:05:41.654Z,2021-03-02T15:23:04.060Z,6736059,de,CH
330,59641067,2020-02-17T13:21:22.586Z,2021-09-07T05:21:55.458Z,75798995,de,CH
331,16308534,2018-08-23T08:20:56.897Z,2018-11-07T09:23:55.994Z,21517822,de,
332,0,2020-03-23T19:03:29.805Z,2020-03-23T19:18:42.368Z,912563,de,CH
333,16083486,2020-08-24T06:49:13.248Z,2020-09-21T07:16:36.167Z,22232859,nl,NL
334,76561085,2021-09-14T12:08:07.504Z,2023-02-02T09:02:06.697Z,167183368,de,CH
335,82453945,2017-03-30T05:41:05.193Z,2020-01-16T08:02:25.783Z,114780341,de,
336,0,2023-01-20T11:34:36.883Z,2023-01-20T11:50:52.530Z,975647,de,CH
337,21046078,2019-11-10T17:55:10.405Z,2020-11-01T18:08:02.718Z,37775790,de,CH
338,0,2019-05-10T07:09:11.224Z,2019-05-10T07:25:09.793Z,958569,de,CH
339,886530,2022-04-05T10:43:52.821Z,2022-04-12T11:18:12.826Z,3887188,nl,NL
340,27928991,2017-11-17T10:20:26.088Z,2018-05-15T18:53:25.287Z,30865609,de,
341,42540896,2020-10-28T07:43:17.113Z,2021-04-26T12:15:14.968Z,149616226,nl,NL
342,42120562,2021-05-25T19:28:29.624Z,2022-06-30T19:43:45.791Z,62112607,de,CH
343,79684748,2018-11-20T13:43:10.233Z,2019-07-07T15:22:28.022Z,127691350,de,CH
344,0,2022-03-17T18:30:59.971Z,2022-03-17T18:46:57.045Z,957073,de,CH
345,1018744,2021-08-13T06:44:02.659Z,2022-01-28T07:59:05.908Z,2596602,de,DE
346,48030919,2021-09-30T06:38:53.263Z,2023-02-03T09:55:17.485Z,154526091,nl,NL
347,115059559,2021-04-28T10:27:54.706Z,2023-02-07T09:04:11.334Z,366170855,nl,NL
348,19740575,2020-03-23T11:54:33.108Z,2020-05-10T18:37:58.541Z,24698584,de,CH
349,192533493,2020-06-15T17:53:55.429Z,2021-06-29T17:32:03.857Z,272216527,de,CH
350,8796186,2016-06-22T06:26:14.112Z,2016-07-08T05:52:09.091Z,13582308,de,
351,0,2021-06-04T18:29:31.201Z,2021-06-04T18:45:01.613Z,930411,de,CH
352,65417238,2020-03-16T10:03:03.614Z,2021-11-22T16:08:13.568Z,124867534,de,AT
353,24310716,2020-05-08T07:30:15.140Z,2021-02-11T15:27:12.085Z,59099113,de,CH
354,30807603,2020-10-12T12:14:34.526Z,2023-02-07T12:13:02.479Z,101155173,nl,NL
355,66400878,2019-11-26T09:52:35.218Z,2022-02-16T16:53:03.638Z,85467124,de,CH
356,2443112,2020-04-20T12:52:31.009Z,2020-05-06T07:24:17.120Z,3749856,de,CH
357,9759547,2019-02-01T07:52:04.120Z,2019-05-02T17:01:34.945Z,17730370,de,CH
358,2146404,2021-02-10T08:24:25.425Z,2021-07-12T12:22:51.260Z,11682016,de,CH
359,56836067,2021-11-02T09:40:43.404Z,2022-02-03T17:41:30.947Z,87626634,de,CH
360,0,2021-01-27T11:19:21.339Z,2021-01-27T11:34:51.091Z,929751,de,CH
361,30862435,2020-01-17T13:20:15.391Z,2020-07-07T10:10:10.189Z,58288391,de,DE
362,343452,2023-02-10T08:56:04.161Z,2023-02-10T09:40:15.142Z,2647220,sv,SE
363,161818507,2018-01-19T09:25:44.924Z,2020-06-28T17:46:53.494Z,204418348,de,
364,27446015,2018-03-05T08:45:25.900Z,2018-08-06T13:25:27.393Z,33926035,de,
365,22044852,2019-10-19T17:10:36.305Z,2020-04-02T16:09:54.518Z,51283690,de,DE
366,518741,2021-12-06T13:18:36.451Z,2021-12-06T13:30:54.589Z,738138,de,CH
367,3546949,2022-11-01T08:00:37.770Z,2022-11-09T10:23:53.718Z,6467898,de,CH
368,0,2021-01-29T05:49:33.922Z,2022-01-19T10:52:03.122Z,3712945,de,CH
369,24438034,2017-09-25T14:04:17.203Z,2018-02-06T19:40:12.413Z,43517331,de,
370,18586309,2020-11-24T14:02:50.278Z,2021-05-07T05:32:05.864Z,32826036,de,CH
371,4543121,2022-09-02T07:28:00.642Z,2022-09-14T11:54:09.387Z,12106695,nl,NL
372,37699124,2021-01-29T09:57:07.134Z,2022-01-24T19:38:09.934Z,79609724,nl,NL
373,0,2020-04-01T15:28:00.899Z,2020-04-01T15:38:45.924Z,160329,de,DE
374,18309215,2020-04-28T08:16:31.239Z,2020-06-21T13:38:39.632Z,24350689,de,DE
375,8725332,2019-09-24T09:14:16.768Z,2020-03-19T17:04:30.582Z,13908669,de,DE
376,140679,2019-02-21T18:23:26.997Z,2019-02-21T18:26:23.775Z,176778,de,CH
377,29562619,2016-02-24T10:30:41.717Z,2017-05-15T12:27:39.070Z,37135886,de,
378,32460990,2020-06-11T11:10:57.265Z,2021-02-02T12:02:09.996Z,70378650,nl,NL
379,34570187,2020-01-29T07:58:37.718Z,2021-02-05T09:27:55.342Z,50357045,de,CH
380,23056762,2016-08-29T07:34:26.074Z,2017-06-20T07:30:10.125Z,32286337,de,
381,75163,2021-02-08T16:24:12.240Z,2021-12-04T09:54:06.084Z,2076311,de,CH
382,0,2019-04-29T09:55:27.487Z,2019-06-03T10:08:11.341Z,1846375,de,DE
383,7243732,2019-10-09T08:23:49.246Z,2020-03-05T13:40:11.166Z,13198379,de,DE
384,245567779,2017-11-01T12:26:12.498Z,2021-01-13T21:03:14.348Z,373892289,de,
385,0,2020-05-12T11:18:24.392Z,2020-05-12T11:34:15.240Z,950848,de,DE
386,13807128,2021-11-19T08:09:06.987Z,2022-11-23T13:29:02.683Z,33069406,de,CH
387,25717383,2022-02-02T08:46:46.603Z,2023-02-10T10:58:25.535Z,100706855,nl,NL
388,2530022,2016-01-05T12:08:08.943Z,2016-03-04T10:02:13.419Z,3415771,de,
389,18246582,2021-11-01T09:48:19.445Z,2021-12-02T15:55:13.176Z,32344142,de,CH
390,24006992,2021-10-30T18:55:41.475Z,2021-12-13T10:03:54.807Z,60948289,de,CH
391,10882911,2022-09-22T06:16:46.854Z,2023-01-28T11:08:07.203Z,30556730,de,DE
392,1221751,2021-02-11T08:11:32.974Z,2021-02-11T08:36:56.863Z,1523888,de,DE
393,330053340,2016-10-07T07:19:23.986Z,2020-09-14T18:41:01.558Z,393170132,de,
394,3755419,2022-10-27T09:22:12.214Z,2023-02-10T09:55:55.787Z,8255599,de,CH
395,6373981,2019-02-18T10:11:31.839Z,2019-04-09T16:07:42.790Z,10082430,de,CH
396,3680651,2021-04-14T10:47:28.042Z,2021-04-23T11:50:00.636Z,8257015,nl,NL
397,16485460,2020-04-17T09:48:03.816Z,2021-06-20T16:34:14.740Z,27495713,de,CH
398,16232331,2017-07-01T12:38:15.743Z,2022-06-09T08:58:02.716Z,26792834,de,
399,119516736,2022-09-12T06:23:26.939Z,2023-02-10T07:46:09.953Z,193147002,nl,NL
400,29441503,2021-01-05T13:37:12.722Z,2022-12-19T18:41:13.564Z,76333011,de,CH
401,13541230,2020-02-05T09:37:34.998Z,2020-03-27T17:18:41.978Z,21054345,de,CH
402,31782291,2020-04-24T09:46:35.927Z,2020-06-26T12:25:49.699Z,50880862,de,CH
403,425113,2020-01-08T12:07:52.737Z,2022-11-02T12:14:10.107Z,12302936,de,CH
404,12341183,2022-01-25T07:32:08.724Z,2022-03-23T16:25:10.411Z,22103083,de,CH
405,76624832,2021-09-22T06:52:56.556Z,2023-01-19T17:19:53.943Z,132966856,de,CH
406,45333897,2022-02-28T08:16:42.947Z,2022-07-01T07:45:03.411Z,89035430,nl,NL
407,8285611,2021-01-22T12:27:17.251Z,2022-01-25T12:50:02.535Z,16609944,nl,NL
408,12259278,2023-01-16T10:14:20.441Z,2023-02-08T16:26:37.524Z,16855372,de,CH
409,27961884,2019-08-21T08:33:44.093Z,2021-02-09T11:50:26.834Z,35766565,de,
410,44531547,2021-04-09T05:51:32.372Z,2022-08-30T13:31:53.103Z,65434999,de,CH
411,29291056,2017-11-22T16:23:21.082Z,2019-07-02T18:53:06.616Z,36979680,de,
412,579921,2021-03-08T11:04:52.873Z,2022-05-07T07:37:20.373Z,7598020,de,CH
413,0,2019-05-20T12:58:58.111Z,2019-05-20T12:59:20.601Z,18020,de,CH
414,20864269,2018-05-15T09:19:31.382Z,2018-10-28T18:30:30.610Z,26138557,de,
415,2284783,2021-03-30T11:15:13.793Z,2021-04-12T11:32:17.330Z,5582902,de,CH
416,1411650,2021-09-13T08:02:32.128Z,2021-09-13T09:04:55.930Z,3477360,de,CH
417,4064900,2022-10-11T12:17:52.734Z,2023-02-01T09:14:07.061Z,12857456,nl,NL
418,24351522,2019-10-24T08:54:48.459Z,2021-10-28T09:23:45.732Z,34398731,de,
419,15424530,2016-09-21T07:03:03.371Z,2017-03-28T07:06:33.914Z,19698315,de,
420,46957230,2020-10-07T16:03:38.815Z,2022-05-17T18:01:02.293Z,129724792,de,CH
421,347718,2017-03-14T11:21:54.306Z,2017-03-14T11:43:17.325Z,1283019,de,
422,295381,2021-09-24T11:14:05.819Z,2022-11-05T10:49:11.642Z,4611535,de,CH
423,5710765,2015-10-28T13:22:27.667Z,2016-05-24T13:21:58.205Z,7008341,de,
424,178809,2022-09-01T07:08:23.621Z,2022-09-01T07:15:32.081Z,428460,de,CH
425,29075744,2020-03-21T08:46:00.462Z,2022-01-22T08:42:07.052Z,58565455,de,CH
426,7700843,2016-05-02T07:53:42.889Z,2016-11-03T08:05:23.008Z,13118705,de,
427,18376406,2018-12-14T07:40:55.915Z,2019-10-30T16:50:44.360Z,33062950,de,CH
428,26633292,2021-11-16T09:00:45.066Z,2022-12-06T10:43:34.466Z,69769637,nl,NL
429,22244863,2022-11-16T10:02:14.520Z,2023-02-09T18:54:48.574Z,36986497,de,CH
430,1616387,2023-01-16T12:30:50.955Z,2023-02-03T14:36:06.997Z,4075470,de,CH
431,78615971,2018-02-01T08:08:23.773Z,2019-02-22T09:36:09.533Z,102633721,de,
432,125652239,2015-12-10T08:10:23.489Z,2016-12-14T20:50:18.976Z,181084744,de,
433,11133483,2016-06-16T08:25:30.029Z,2016-09-12T19:51:42.988Z,15130164,de,
434,149839982,2020-10-06T07:02:21.221Z,2022-07-07T07:15:28.635Z,311132989,nl,NL
435,2952106,2021-10-27T07:08:05.677Z,2022-06-08T12:57:49.247Z,9919462,de,CH
436,17561922,2017-11-07T13:04:00.711Z,2018-05-13T07:59:56.684Z,22539336,de,
437,9755498,2020-05-12T20:02:38.421Z,2020-06-16T08:58:04.940Z,15737536,de,DE
438,68063928,2017-11-22T18:01:12.807Z,2018-10-31T13:36:26.267Z,97265105,de,
439,72042008,2020-01-28T08:32:15.928Z,2021-01-28T17:02:23.298Z,86874717,de,CH
440,110488312,2018-09-25T06:58:58.714Z,2020-06-25T07:45:17.175Z,193834186,de,
441,3239913,2016-01-08T20:32:41.169Z,2016-01-19T06:31:01.875Z,6980423,de,
442,81499576,2017-12-04T10:22:06.982Z,2020-06-19T11:53:57.615Z,116208416,de,
443,1251271,2021-11-12T07:55:49.352Z,2022-03-06T14:24:44.792Z,2620439,de,CH
444,0,2020-03-25T09:44:31.468Z,2020-03-25T15:55:42.125Z,1840683,de,CH
445,49292891,2020-05-14T09:49:24.882Z,2020-08-30T10:28:09.794Z,77335813,nl,NL
446,10869354,2021-05-03T19:15:21.997Z,2022-06-12T19:39:52.453Z,30709133,de,CH
447,23065335,2022-09-04T10:30:58.415Z,2023-02-09T09:10:39.356Z,31806603,de,CH
448,45393973,2018-10-23T09:00:56.226Z,2019-08-06T20:13:46.555Z,60790690,de,DE
449,42028653,2022-06-29T12:16:09.503Z,2023-02-08T13:08:34.529Z,57521481,de,CH
450,36403103,2022-09-01T09:08:05.912Z,2023-02-10T12:46:36.304Z,54271916,de,CH
451,22021647,2016-05-19T05:55:21.021Z,2016-09-23T09:42:21.200Z,30479358,de,
452,16259011,2021-03-12T08:26:07.058Z,2021-12-17T09:05:06.197Z,64029684,nl,NL
453,26599755,2016-10-04T05:48:06.317Z,2020-12-07T16:21:13.725Z,33227386,de,
454,3788424,2023-01-09T13:42:44.485Z,2023-01-26T10:24:56.406Z,11891013,de,CH
455,32173475,2021-03-12T09:06:16.117Z,2021-05-19T12:39:59.543Z,45055186,de,CH
456,38650708,2022-10-31T07:40:13.062Z,2023-02-08T09:59:02.838Z,49978921,de,CH
457,3550409,2022-02-07T13:06:53.670Z,2022-03-30T08:59:12.987Z,12937889,de,AT
458,29090064,2021-03-26T08:18:20.896Z,2022-12-20T10:58:04.010Z,65925694,nl,NL
459,7425935,2020-03-21T15:03:48.950Z,2020-04-23T12:38:38.876Z,11482130,de,DE
460,17138925,2022-10-24T11:19:02.687Z,2022-11-25T08:07:31.110Z,32356643,nl,NL
461,536411,2022-04-08T10:42:45.553Z,2022-04-08T11:12:31.192Z,1785638,nl,NL
462,61405302,2022-01-05T12:33:40.694Z,2023-01-07T15:44:10.151Z,96052178,de,CH
463,11295792,2017-08-29T07:20:04.585Z,2017-12-14T09:29:45.865Z,15104538,de,
464,28507109,2020-09-29T17:33:47.075Z,2021-06-04T07:02:02.352Z,43686140,de,CH
465,6499196,2017-03-24T17:24:17.215Z,2017-09-27T17:30:33.451Z,7573411,de,
466,17475312,2022-12-08T13:04:21.843Z,2023-02-09T12:25:52.089Z,33372296,nl,NL
467,0,2020-04-23T06:23:56.847Z,2020-04-23T06:40:16.727Z,979880,de,DE
468,59337136,2021-09-08T11:24:30.492Z,2022-04-07T07:13:48.560Z,115065765,nl,NL
469,209124,2020-09-23T10:28:37.565Z,2022-05-10T15:19:10.006Z,5989919,de,CH
470,56369542,2018-11-16T08:28:54.477Z,2020-05-19T07:47:20.464Z,75679446,de,CH
471,1298274,2019-07-09T06:54:30.770Z,2019-07-09T07:21:23.119Z,1612349,de,CH
472,91703,2022-11-16T09:34:04.727Z,2022-11-16T09:52:05.992Z,1081264,de,CH
473,297284,2018-10-22T19:32:55.154Z,2018-10-23T18:37:07.947Z,1464985,de,CH
474,48020568,2015-11-11T10:02:40.947Z,2016-10-21T17:43:17.697Z,60630257,de,
475,49108618,2020-12-07T12:24:44.335Z,2022-07-05T11:53:09.655Z,143715627,nl,NL
476,68572507,2019-01-27T17:30:48.805Z,2019-11-28T16:55:19.344Z,87642939,de,
477,26064,2019-12-06T19:45:49.933Z,2019-12-12T15:34:06.615Z,216923,fr,CA
478,87133852,2020-12-16T13:30:57.908Z,2023-02-01T11:06:06.479Z,181491180,nl,NL
479,22823376,2022-09-19T09:09:15.706Z,2022-12-05T13:27:48.376Z,38466742,de,CH
480,4138562,2015-12-04T12:56:34.028Z,2015-12-17T11:44:07.731Z,6569677,de,
481,56022519,2018-05-14T08:55:07.617Z,2019-09-02T13:35:53.552Z,78075059,de,
482,72905285,2020-01-04T12:48:52.767Z,2020-06-20T07:04:09.233Z,88967496,de,CH
483,1210783,2015-08-25T16:18:04.518Z,2015-08-25T16:40:42.837Z,1358319,de,
484,13068610,2016-10-05T07:37:13.852Z,2017-04-05T06:52:58.086Z,15875056,de,
485,202388,2021-11-05T16:19:08.523Z,2021-11-06T15:37:57.880Z,2205417,de,CH
486,31379959,2018-05-23T06:12:00.602Z,2019-05-25T12:24:24.386Z,45867984,de,
487,59791538,2016-01-20T09:30:29.791Z,2016-06-30T09:01:45Z,65255606,de,
488,0,2020-09-01T16:41:41.939Z,2020-11-23T13:46:08.746Z,1882649,de,CH
489,27064468,2017-08-28T09:19:43.797Z,2018-05-03T09:46:39.158Z,34105038,de,
490,58246380,2020-03-23T11:03:41.333Z,2020-06-30T11:04:22.161Z,70680173,de,CH
491,33437231,2016-11-04T10:07:40.692Z,2017-07-05T06:46:35.438Z,39255438,de,
492,76181616,2019-03-15T14:01:11.043Z,2019-10-27T16:51:18.779Z,95544980,de,
493,3351218,2023-01-12T13:40:52.743Z,2023-02-07T10:51:06.290Z,6585728,de,CH
494,0,2020-04-04T19:56:24.006Z,2020-04-04T19:56:40.950Z,16944,de,CH
495,40356707,2020-09-07T11:08:19.944Z,2022-03-28T10:12:30.985Z,144684543,nl,NL
496,10930188,2019-09-16T15:43:22.865Z,2019-12-05T06:33:07.502Z,24330144,de,CH
497,42290067,2020-02-27T13:04:13.160Z,2021-07-01T07:08:09.790Z,65537970,de,CH
498,209418240,2019-03-15T09:31:11.227Z,2022-09-29T12:59:10.006Z,325769921,de,CH
499,7490418,2019-04-09T14:00:26.894Z,2019-06-18T14:31:07.872Z,11206162,de,CH
500,80956,2022-12-02T07:16:44.932Z,2023-01-30T15:28:02.403Z,2874001,de,CH
501,15880100,2022-10-05T05:45:32.377Z,2023-01-13T13:20:10.300Z,31164447,de,CH
502,16759372,2021-11-11T15:51:04.596Z,2022-09-30T17:08:18.645Z,19510926,de,CH
503,48063292,2017-08-30T08:31:31.245Z,2018-12-13T12:31:59.368Z,62510140,de,
504,0,2022-06-10T07:06:22.520Z,2022-10-25T13:51:10.438Z,6485041,de,CH
505,24895867,2021-09-08T09:07:20.074Z,2023-01-26T10:36:51.827Z,55115911,de,CH
506,0,2020-12-03T15:57:17.364Z,2020-12-03T16:12:56.064Z,938700,de,CH
507,3236567,2022-11-24T03:48:05.591Z,2023-01-09T19:05:19.884Z,9647846,de,DE
508,153457272,2018-06-04T18:01:58.805Z,2019-09-17T16:17:34.687Z,201223463,de,
509,11563591,2019-10-15T15:28:01.043Z,2020-04-24T10:07:49.289Z,33776737,de,DE
510,11146890,2022-02-22T13:01:26.191Z,2022-09-30T10:29:02.795Z,21884673,de,CH
511,2943768,2018-12-17T16:21:51.815Z,2019-09-12T16:12:17.498Z,12965978,de,CH
512,9655483,2019-04-08T09:49:15.754Z,2019-06-20T17:27:56.626Z,16631036,de,CH
513,389577,2020-03-24T18:31:30.329Z,2020-03-25T11:25:11.130Z,4313164,de,CH
514,43964221,2021-10-05T07:05:01.052Z,2022-06-21T07:10:52.139Z,160113609,nl,NL
515,40200329,2016-12-15T07:07:39.273Z,2017-05-03T16:26:49.517Z,48638432,de,
516,7107722,2020-03-21T11:47:55.046Z,2020-04-30T08:58:49.378Z,16648907,de,CH
517,16697301,2020-08-21T09:38:41.850Z,2022-09-22T06:57:56.318Z,31082571,de,CH
518,47609812,2022-09-01T09:24:43.430Z,2023-02-06T16:25:08.840Z,58968487,de,CH
519,8513303,2016-04-29T05:48:45.638Z,2016-06-10T06:30:54.457Z,17091971,de,
520,19872786,2018-06-08T15:15:30.287Z,2018-09-19T18:08:15.071Z,33830118,de,
521,0,2020-04-22T20:58:14.724Z,2020-04-25T15:16:17.594Z,2826475,de,DE
522,9380239,2021-01-07T12:16:35.224Z,2021-07-15T11:55:05.247Z,26560982,de,DE
523,76962,2018-05-14T11:53:32.049Z,2018-05-14T11:56:27.169Z,175120,de,
524,0,2020-05-12T14:04:44.247Z,2020-05-12T14:20:06.846Z,922599,de,CH
525,58691286,2015-05-18T13:18:42.584Z,2016-11-07T14:42:14.531Z,80464045,de,
526,25458520,2022-03-07T07:58:16.037Z,2023-01-18T19:27:46.419Z,55162575,de,CH
527,48825908,2021-09-08T11:40:24.297Z,2022-04-07T07:26:29.022Z,112464819,nl,NL
528,18507669,2022-06-23T13:15:12.097Z,2023-01-12T13:51:06.993Z,29753352,de,CH
529,43405887,2020-10-20T11:26:39.967Z,2021-09-20T18:02:42.697Z,81109760,de,CH
530,383669,2017-05-12T12:55:30.091Z,2017-05-15T14:08:14.801Z,573622,de,
531,65516135,2021-04-13T16:12:17.519Z,2023-02-02T09:02:06.699Z,201355084,nl,NL
532,27910,2022-04-01T19:06:26.336Z,2022-04-01T19:23:15.255Z,1008918,de,CH
533,4878428,2022-04-05T12:17:44.661Z,2022-06-24T13:25:45.028Z,6711861,de,CH
534,0,2022-03-07T13:53:10.295Z,2022-09-19T15:48:09.959Z,3708773,de,CH
535,17055469,2016-03-03T14:11:19.262Z,2016-06-08T09:41:05.786Z,25180665,de,
536,1410497,2019-11-04T14:24:06.629Z,2019-11-06T14:50:39.879Z,3096187,nl,NL
537,43185961,2017-12-06T14:30:09.177Z,2018-06-05T07:41:52.669Z,1196804868,de,
538,10084006,2022-12-03T21:22:23.902Z,2023-01-26T19:09:35.861Z,11893816,de,DE
539,11123826,2019-06-15T20:08:17.016Z,2020-02-14T10:44:31.800Z,18153231,de,AT
540,19420864,2018-07-03T08:25:19.790Z,2018-08-24T10:48:17.206Z,23285354,de,
541,12974044,2019-12-11T09:55:13.609Z,2020-12-03T09:00:58.157Z,16938821,de,CH
542,0,2021-02-12T12:15:33.892Z,2021-02-12T12:15:52.577Z,18684,de,CH
543,10851172,2021-09-22T06:45:09.779Z,2022-05-19T08:12:37Z,44232262,nl,NL
544,24726442,2021-09-01T07:57:56.826Z,2022-06-29T07:14:04.780Z,75387000,nl,NL
545,3380090,2021-06-25T07:18:41.324Z,2021-08-28T14:54:50.499Z,8608340,de,CH
546,233942,2016-11-01T15:23:58.313Z,2016-11-01T15:29:32.317Z,334004,de,
547,24477848,2020-10-02T07:12:35.279Z,2021-05-18T09:30:59.926Z,67823688,nl,NL
548,49135764,2020-12-15T17:19:50.327Z,2023-02-01T07:59:34.778Z,143160759,nl,NL
549,3378140,2020-05-14T13:41:38.559Z,2020-06-04T17:40:05.430Z,8945321,de,CH
550,59220845,2015-07-06T16:17:56.350Z,2016-02-07T12:17:44.164Z,79912683,de,
551,103120445,2020-09-09T08:47:44.383Z,2022-09-29T16:23:08.605Z,129989975,de,CH
552,9298725,2022-11-01T08:34:41.658Z,2023-02-07T08:53:45.290Z,13614427,fr,CH
553,9564933,2022-08-22T06:44:48.378Z,2022-09-29T07:41:39.844Z,16044054,de,CH
554,30222917,2022-09-09T12:29:34.137Z,2023-02-08T11:12:23.044Z,67154880,nl,NL
555,123561,2021-11-17T10:04:08.269Z,2021-11-17T10:21:19.416Z,1031146,de,CH
556,9627556,2015-09-07T12:30:00.541Z,2016-09-26T14:01:16.954Z,13590444,de,
557,4836994,2019-05-09T11:46:16.453Z,2020-01-20T14:18:51.008Z,7572490,de,CH
558,23080886,2019-01-14T08:31:19.789Z,2019-06-03T17:02:07.130Z,29741998,de,CH
559,0,2020-04-28T06:49:17.800Z,2020-04-28T07:04:31.532Z,913732,de,CH
560,17094339,2022-10-24T11:19:35.576Z,2022-11-25T07:51:39.885Z,31224829,nl,NL
561,66816955,2019-07-28T13:07:33.170Z,2020-05-22T07:16:49.575Z,82168978,de,CH
562,22806918,2015-09-28T07:26:37.979Z,2016-06-06T14:43:10.431Z,28239856,de,
563,15090723,2022-10-13T11:31:03.688Z,2022-12-16T08:10:28.584Z,50338876,nl,NL
564,0,2022-09-12T12:21:02.382Z,2023-02-06T13:45:02.880Z,1818894,nl,NL
565,106799031,2020-01-28T09:49:08.687Z,2021-12-01T13:17:52.536Z,138216636,de,CH
566,6119992,2019-11-08T21:37:13.588Z,2019-11-19T15:18:42.612Z,7883435,de,CH
567,989470,2022-12-20T07:48:41.291Z,2022-12-20T08:11:57.986Z,1396695,de,CH
568,28809206,2019-10-22T08:20:12.484Z,2019-12-10T13:33:11.076Z,39976540,de,CH
569,45293061,2017-11-16T15:32:30.155Z,2019-11-28T14:55:54.747Z,57337602,de,
570,3337879,2021-05-31T07:18:39.249Z,2021-06-14T09:00:21.015Z,6645198,de,CH
571,37571339,2017-07-18T14:28:15.725Z,2018-05-24T14:00:09.879Z,48306408,de,
572,18028865,2016-12-04T19:19:24.765Z,2017-05-14T10:25:11.946Z,37244660,de,
573,45281953,2020-01-22T07:23:12.890Z,2022-03-09T08:55:01.392Z,60431752,de,DE
574,39568266,2018-10-23T09:18:09.913Z,2019-04-03T13:34:13.598Z,47707605,de,
575,6379039,2021-11-04T15:48:04.880Z,2022-06-17T09:08:52.082Z,20743638,de,CH
576,16399693,2022-11-15T08:14:34.932Z,2023-02-03T10:18:02.907Z,31608108,de,CH
577,191927625,2021-03-22T19:40:35.097Z,2023-02-09T08:23:14.951Z,362122353,de,CH
578,11146406,2022-11-25T07:45:46.932Z,2023-01-08T11:46:09.830Z,28725437,de,CH
579,38837266,2019-11-05T08:21:07.649Z,2022-01-23T16:48:51.746Z,69083168,de,CH
580,18457969,2018-09-11T12:34:41.375Z,2019-12-26T12:29:47.232Z,27635392,de,
581,4900128,2020-06-09T07:19:06.052Z,2020-06-29T11:47:03.464Z,10336832,de,CH
582,13794676,2022-05-25T06:26:50.479Z,2022-07-29T14:41:09.881Z,25625935,de,CH
583,59164,2022-01-17T13:59:34.462Z,2022-01-17T14:15:54.996Z,980533,de,CH
584,0,2021-11-04T14:43:30.316Z,2021-11-04T14:58:56.819Z,926502,de,CH
585,35833134,2021-10-25T15:12:25.735Z,2022-02-17T16:51:49.229Z,42198337,de,CH
586,5721506,2017-08-30T11:38:06.785Z,2017-08-31T14:45:51.020Z,6932082,de,
587,52179664,2022-02-24T08:23:23.780Z,2023-02-02T09:06:02.828Z,99139942,de,CH
588,21988762,2016-04-13T12:31:50.281Z,2016-07-10T16:21:16.620Z,34038323,de,
589,28411838,2019-03-29T07:29:36.967Z,2020-08-30T11:48:44.783Z,55652045,de,DE
590,0,2021-11-15T09:45:47.693Z,2022-09-05T09:04:09.737Z,1836820,de,CH
591,102118941,2020-07-10T06:32:18.594Z,2023-02-02T15:20:07.357Z,181498318,de,CH
592,13871147,2020-04-14T13:47:17.080Z,2022-11-21T12:09:02.760Z,27869403,de,CH
593,490779,2016-03-14T11:06:21.237Z,2017-10-12T13:50:11.140Z,617627,de,
594,135338782,2019-04-04T12:28:31.908Z,2021-05-26T16:47:26.165Z,175360062,fr,CA
595,17047321,2018-03-13T13:30:00.688Z,2018-08-17T12:44:11.050Z,21040931,de,
596,38651478,2022-06-02T07:25:15.257Z,2023-02-10T09:11:15.338Z,103954246,nl,NL
597,116404805,2021-05-25T06:58:28.485Z,2023-02-09T08:19:26.162Z,203048146,nl,NL
598,1632759,2018-10-26T02:29:22.636Z,2019-04-22T02:18:59.264Z,2264779,en,CA
599,544401,2021-02-25T11:21:10.712Z,2021-02-25T11:34:32.486Z,801773,de,DE
600,38733869,2022-03-08T12:35:45.827Z,2023-02-09T12:23:02.501Z,89929011,nl,NL
601,0,2018-02-26T16:28:26.840Z,2018-02-26T16:43:50.947Z,924107,de,
602,385938,2022-12-21T13:42:53.655Z,2023-01-17T19:10:55.070Z,4978731,de,CH
603,28777473,2021-01-28T09:26:18.587Z,2022-05-09T12:17:46.130Z,42173945,de,CH
604,13011,2019-08-29T09:15:08.141Z,2020-01-21T15:24:44.612Z,287394,fr,CH
605,16105183,2022-05-12T13:46:55.043Z,2023-01-27T08:21:01.195Z,38777850,de,CH
606,11221736,2018-03-19T14:24:49.253Z,2018-05-11T14:27:23.846Z,16587863,fr,CA
607,48967365,2019-10-22T07:31:05.971Z,2020-01-25T07:45:45.888Z,59865696,de,CH
608,3804027,2020-02-24T14:22:32.342Z,2020-03-23T11:36:08.277Z,7727951,de,DE
609,84664410,2020-10-22T16:09:49.964Z,2022-09-06T17:57:30.381Z,120751018,de,CH
610,39917147,2015-10-21T08:51:15.766Z,2016-12-20T15:55:34.251Z,241765173,de,
611,16325049,2022-08-21T18:00:52.952Z,2022-10-16T17:13:17.236Z,20624397,de,AT
612,7724137,2017-01-23T13:10:27.001Z,2017-05-15T12:50:09.241Z,8904721,fr,CH
613,5333726,2021-06-09T11:03:58.230Z,2021-10-19T08:11:03.851Z,13681534,de,CH
614,6476968,2022-03-24T13:03:45.567Z,2022-05-19T13:01:44.010Z,13985220,de,CH
615,13016886,2022-10-14T09:10:31.424Z,2023-01-27T10:09:14.662Z,21598564,fr,CH
616,24116121,2020-05-13T10:01:13.274Z,2020-07-09T07:52:58.427Z,58444664,nl,NL
617,153966790,2020-02-07T16:53:25.388Z,2021-07-01T14:55:08.834Z,205025583,de,CH
618,24880743,2021-04-27T08:13:24.772Z,2022-04-27T10:46:56.215Z,45673437,de,CH
619,57464168,2021-04-23T10:04:15.645Z,2023-01-30T08:06:43.673Z,247914117,nl,NL
620,23175176,2021-11-02T09:35:44.582Z,2021-12-13T14:38:07.723Z,27853326,de,CH
621,73657165,2018-02-20T04:50:51.958Z,2019-09-22T00:06:42.986Z,96857568,de,
622,12903087,2022-11-21T12:40:34.447Z,2023-02-07T13:27:11.832Z,31642856,nl,NL
623,6761745,2020-02-21T14:06:20.383Z,2020-04-21T18:39:16.946Z,9828518,de,DE
624,34256799,2019-03-11T16:05:59.430Z,2019-06-06T16:39:33.837Z,45907629,de,DE
625,40749375,2017-10-27T09:14:34.416Z,2018-03-22T15:01:07.943Z,49355281,de,
626,54927059,2021-06-28T09:06:22.795Z,2022-06-15T09:30:03.385Z,111798004,nl,NL
627,36856936,2018-04-26T19:20:14.529Z,2022-05-25T13:51:51.437Z,67884743,de,
628,56851013,2017-09-25T12:09:48.739Z,2019-03-20T14:50:49.793Z,65873439,de,
629,21057879,2022-11-23T08:54:37.826Z,2023-01-12T16:53:01.655Z,48457772,de,CH
630,6169668,2018-01-11T13:36:45.450Z,2019-06-17T13:40:14.928Z,10772885,de,
631,0,2015-06-26T12:14:54.513Z,2015-06-26T12:15:57.237Z,62724,de,
632,38282048,2020-03-19T09:40:56.647Z,2021-04-16T10:11:13.549Z,56659451,de,CH
633,61353294,2021-11-30T12:12:46.343Z,2022-11-24T14:43:27.409Z,85373061,de,CH
634,0,2019-12-06T16:41:21.280Z,2021-03-10T18:51:02.807Z,5619484,de,CH
635,71033838,2021-10-20T09:31:59.299Z,2023-01-27T15:20:33.857Z,120896836,de,CH
636,6063220,2020-04-14T08:51:14.250Z,2020-06-02T08:35:04.679Z,8371489,de,CH
637,13,2017-10-24T10:29:20.079Z,2017-10-24T10:35:11.411Z,351332,de,
638,21038986,2021-08-18T09:06:39.851Z,2022-02-22T13:52:20.611Z,41523790,de,CH
639,3464529,2022-03-04T08:36:12.294Z,2022-04-19T10:12:20.649Z,6062644,nl,NL
640,0,2022-07-11T19:18:37.004Z,2022-09-09T13:01:02.448Z,1832254,de,CH
641,102436,2020-01-13T15:40:26.675Z,2020-01-13T15:59:10.933Z,1124258,de,CH
642,193839,2021-01-13T13:42:43.387Z,2021-08-24T11:54:36.819Z,3960552,de,CH
643,6153124,2019-11-18T15:32:10.215Z,2021-04-26T16:05:03.201Z,17865106,de,CH
644,22335831,2022-09-27T05:09:13.860Z,2023-02-11T13:28:02.388Z,37157895,de,DE
645,423967,2020-03-25T09:26:30.167Z,2020-03-25T09:52:11.631Z,1512050,de,DE
646,10120064,2022-01-26T13:53:18.339Z,2022-03-09T10:57:47.324Z,21594189,de,DE
647,0,2021-09-15T18:12:31.124Z,2021-11-02T09:23:46.332Z,1840477,de,CH
648,76962,2018-05-14T11:53:32.049Z,2018-05-14T11:56:27.169Z,175120,de,
649,52314229,2021-11-05T08:21:16.364Z,2023-02-10T12:33:33.255Z,142726696,nl,NL
650,44365749,2020-11-02T11:45:33.138Z,2022-09-09T14:56:46.377Z,66224613,de,CH
651,12345690,2022-02-18T08:49:35.962Z,2022-07-06T07:48:47.948Z,52350913,nl,NL
652,1028885,2016-03-11T09:57:31.388Z,2016-06-27T06:51:31.257Z,1272826,de,
653,19232388,2021-08-08T11:38:18.954Z,2021-12-11T10:58:06.795Z,25034450,de,CH
654,20997068,2021-03-22T08:10:14.116Z,2022-11-10T14:58:46.285Z,50833868,de,CH
655,16859477,2020-05-12T09:25:57.619Z,2020-06-25T16:55:57.010Z,24398292,de,CH
656,54033834,2020-03-23T17:41:11.060Z,2020-06-27T07:55:02.619Z,70189453,de,CH
657,1104533,2019-11-22T07:06:10.980Z,2020-01-10T07:30:59.914Z,4386725,de,DE
658,524089,2022-06-27T23:32:19.929Z,2022-10-13T00:56:03.127Z,1623388,es,ES
659,9027122,2022-08-24T11:14:16.004Z,2022-12-12T09:29:27.474Z,18806567,de,CH
660,0,2018-11-18T10:18:10.982Z,2018-11-18T10:19:38.039Z,87057,de,CH
661,16334982,2022-09-07T06:50:49.064Z,2023-02-10T14:03:17.977Z,25359578,de,CH
662,38465316,2022-01-10T12:24:01.447Z,2023-02-08T08:36:07.242Z,107164449,nl,NL
663,12542271,2019-08-23T06:28:36.050Z,2019-10-02T08:36:58.200Z,20622717,de,
664,2412816,2023-02-07T13:27:35.814Z,2023-02-12T19:04:11.239Z,4771801,de,CH
665,6128254,2022-11-22T13:15:34.953Z,2023-01-17T10:39:54.317Z,12439920,de,CH
666,26551548,2022-09-14T11:36:33.809Z,2023-02-01T13:19:29.547Z,49842817,en,GB
667,22586753,2020-03-02T09:50:31.034Z,2020-12-07T12:37:47.702Z,55116771,nl,NL
668,2032369,2020-05-15T07:50:34.598Z,2020-05-15T09:33:44.577Z,2944729,nl,NL
669,431540,2018-08-28T05:43:12.733Z,2018-10-06T16:33:14.307Z,5253734,de,
670,1320088,2020-12-02T09:55:11.759Z,2022-12-22T09:20:03.341Z,2551849,nl,NL
671,3917408,2021-09-30T07:56:20.489Z,2022-01-28T09:15:13.431Z,15513707,nl,NL
672,23527978,2020-05-04T15:21:54.139Z,2022-04-03T15:15:02.309Z,56330563,de,CH
673,35116038,2020-04-21T11:45:40.975Z,2022-03-16T12:13:21.528Z,68570219,de,CH
674,13400582,2022-10-13T11:30:34.792Z,2022-12-16T08:12:15.231Z,35575836,nl,NL
675,5183493,2022-12-12T09:36:38.314Z,2023-01-30T10:18:02.428Z,10188322,de,CH
676,11615624,2021-02-15T13:42:22.981Z,2021-06-03T16:48:37.989Z,30003075,de,CH
677,14673002,2017-11-30T07:21:05.005Z,2018-09-13T09:02:37.433Z,21453708,de,
678,64659820,2018-02-01T07:34:39.211Z,2021-03-26T08:16:44.766Z,82585770,de,
679,50602254,2022-03-11T06:28:02.620Z,2023-02-09T19:25:15.087Z,118827341,de,CH
680,44200015,2021-06-09T08:56:00.481Z,2022-12-14T13:15:48.618Z,144485673,nl,NL
681,103620911,2020-12-15T10:14:26.049Z,2022-11-14T12:41:20.611Z,250969239,nl,NL
682,773667,2020-10-21T10:24:01.489Z,2021-06-02T11:05:53.699Z,2724138,de,DE
683,5098233,2016-02-04T10:47:57.003Z,2016-06-06T07:08:02.546Z,8100406,de,
684,17741700,2022-05-09T08:45:02.627Z,2022-12-13T19:16:49.533Z,28353017,nl,NL
685,135469730,2019-01-10T13:03:55.357Z,2023-02-10T17:06:32.157Z,254353739,de,CH
686,14892801,2022-03-10T08:58:39.165Z,2022-05-17T10:29:52.467Z,31218350,sv,SE
687,70195467,2021-11-11T10:05:12.310Z,2022-07-05T09:13:09.533Z,122855058,nl,NL
688,17246572,2022-03-03T10:50:51.313Z,2022-04-20T07:56:45.898Z,44062695,nl,NL
689,61365470,2017-08-30T06:53:30.573Z,2019-06-26T06:41:22.009Z,76867192,de,
690,329018,2021-03-30T08:36:22.608Z,2021-03-30T08:57:39.305Z,1276696,nl,NL
691,0,2022-02-10T17:52:55.706Z,2022-02-10T18:08:06.787Z,911080,de,CH
692,1204343,2022-04-10T18:04:37.994Z,2022-04-10T18:32:14.995Z,1657000,nl,NL
693,35213432,2017-09-20T07:00:51.660Z,2018-06-25T14:28:02.009Z,46826165,de,
694,24646568,2018-09-25T11:46:02.106Z,2019-07-02T17:29:11.372Z,36387902,de,
695,0,2018-12-12T17:49:27.016Z,2018-12-12T17:50:55.226Z,88210,de,CH
696,155811680,2015-10-22T16:09:55.593Z,2019-05-21T13:51:42.285Z,186995469,de,
697,40173677,2021-12-09T11:28:02.549Z,2023-02-10T08:11:41.847Z,66616092,de,CH
698,2436218,2022-08-09T09:27:16.541Z,2022-08-14T10:54:53.394Z,5193725,de,CH
699,39365051,2021-09-30T12:15:31.686Z,2023-01-31T13:36:06.873Z,99593839,nl,NL
700,7122408,2018-09-01T10:10:26.975Z,2018-09-24T09:08:15.960Z,11167273,en,CA
701,58971123,2017-07-13T13:35:10.426Z,2018-10-30T08:38:43.913Z,77004783,de,
702,0,2020-03-30T09:19:50.581Z,2020-04-04T10:33:59.566Z,2799409,de,CH
703,552938,2016-01-14T15:51:20.789Z,2016-01-14T16:02:02.541Z,641752,de,
704,7822109,2019-03-11T09:25:39.648Z,2019-05-08T06:14:52.023Z,9211559,de,CH
705,17301202,2022-12-05T14:45:04.210Z,2023-01-31T15:14:06.760Z,32368942,de,CH
706,96583629,2015-08-10T12:12:44.847Z,2018-11-07T15:01:51.793Z,130913489,de,
707,19425791,2016-11-07T08:10:12.246Z,2018-07-05T08:52:02.908Z,25122082,de,
708,8133815,2022-09-27T18:36:57.450Z,2023-01-24T08:51:56.805Z,18705203,de,CH
709,97348155,2018-11-15T09:36:50.810Z,2020-11-06T08:36:40.312Z,192025341,de,CH
710,32254361,2020-09-27T18:20:27.464Z,2021-03-10T21:06:02.910Z,50933092,fr,CA
711,256928606,2019-06-27T09:28:38.360Z,2022-11-04T09:47:23.617Z,356932230,de,DE
712,127664191,2018-09-18T05:39:11.186Z,2019-01-24T15:16:30.883Z,190434856,de,
713,0,2020-03-08T13:11:29.117Z,2020-03-08T13:27:03.916Z,934799,fr,CH
714,8675322,2022-01-13T09:35:04.270Z,2022-06-07T13:55:12.956Z,10356577,de,CH
715,0,2022-01-17T16:30:44.742Z,2022-01-17T16:31:08.191Z,23448,de,DE
716,9410,2019-12-03T10:20:18.194Z,2021-03-17T10:05:09.858Z,2812782,fr,CH
717,1835471,2022-06-16T11:19:38.442Z,2022-09-22T08:40:29.626Z,3178885,nl,NL
718,22034909,2021-11-03T07:40:34.583Z,2021-12-20T10:56:50.452Z,35066376,de,CH
719,39955702,2021-02-11T11:44:05.751Z,2021-08-25T10:59:50.252Z,115657559,nl,NL
720,6837525,2018-03-21T08:53:08.564Z,2018-06-18T09:02:46.996Z,8660034,de,
721,5446290,2022-11-24T18:59:14.282Z,2023-01-11T18:16:53.278Z,10267973,de,CH
722,0,2022-03-23T13:54:15.116Z,2022-03-23T14:10:10.122Z,955005,fr,CA
723,3935996,2020-04-23T11:54:19.130Z,2020-05-12T13:57:15.368Z,8533358,de,CH
724,19698587,2018-09-23T09:07:21.803Z,2019-02-06T16:45:07.657Z,27109535,de,
725,7313159,2021-08-26T06:41:41.055Z,2021-11-18T08:25:02.727Z,15403386,de,CH
726,2521592,2023-01-13T10:00:47.602Z,2023-01-15T15:19:44.517Z,4745412,de,CH
727,48140013,2021-09-06T11:37:59.258Z,2023-02-07T17:56:06.750Z,65207469,de,CH
728,65136559,2017-09-25T10:34:50.218Z,2019-10-29T10:00:21.335Z,75815163,de,
729,38873692,2021-11-01T13:05:49.209Z,2021-12-14T17:05:28.059Z,51017453,de,CH
730,421742,2022-01-20T07:09:40.869Z,2022-01-20T07:36:57.576Z,1636706,de,CH
731,1338508,2020-03-01T13:06:17.038Z,2020-03-01T13:34:55.148Z,1718110,de,CH
732,8339865,2016-11-11T12:15:32.646Z,2017-01-20T12:46:32.801Z,13235551,de,
733,320350,2022-01-17T08:57:45.068Z,2022-01-17T09:18:35.271Z,1250202,de,CH
734,20119697,2021-09-08T13:24:44.514Z,2022-11-03T16:45:06.971Z,42495607,de,CH
735,10984921,2022-05-16T06:58:07.926Z,2022-06-20T07:14:42.869Z,26411018,de,CH
736,27212627,2017-04-23T19:05:44.144Z,2018-05-07T20:01:37.218Z,34756185,de,
737,400022,2022-04-04T09:23:45.298Z,2023-01-12T08:19:10.272Z,8414137,de,CH
738,0,2018-06-26T18:23:53.428Z,2018-06-26T18:39:11.586Z,918158,de,
739,24527161,2020-11-02T10:35:45.344Z,2021-04-19T09:54:41.163Z,110846730,nl,NL
740,73526,2022-03-23T19:49:18.296Z,2022-03-23T20:07:01.650Z,1063353,de,CH
741,49387435,2020-11-09T08:29:29.433Z,2022-05-31T10:03:59.714Z,113658349,nl,NL
742,8876944,2021-12-09T17:19:11.914Z,2022-05-22T10:55:40.608Z,15501224,de,CH
743,0,2022-04-07T06:57:39.677Z,2022-04-07T07:12:42.612Z,902934,de,CH
744,57465,2018-12-14T11:42:29.938Z,2019-05-06T14:58:46.402Z,5143672,de,CH
745,39851530,2022-09-05T09:18:46.233Z,2023-02-06T13:36:02.455Z,82123742,de,CH
746,111889838,2015-08-27T09:19:08.932Z,2017-03-08T16:46:30.835Z,134100875,de,
747,97613753,2021-11-02T11:36:00.903Z,2023-02-10T11:57:32.366Z,142422888,nl,NL
748,21028292,2019-01-15T07:32:18.567Z,2022-06-23T17:45:03.112Z,47141514,de,
749,68746033,2018-10-29T17:50:53.742Z,2019-05-17T12:15:32.290Z,89863073,de,CH
750,56185249,2022-09-27T13:00:46.255Z,2023-02-11T11:24:29.640Z,71530687,de,CH
751,63844761,2017-09-27T09:31:54.084Z,2020-04-27T06:51:02.694Z,95095167,de,
752,54471358,2017-09-28T13:06:07.171Z,2018-05-26T08:48:04.841Z,65859395,de,
753,50685146,2020-11-10T10:25:29.467Z,2021-07-05T09:52:45.045Z,158165006,nl,NL
754,7445716,2021-06-01T07:36:42.187Z,2022-10-20T08:09:10.060Z,22104371,de,CH
755,0,2020-09-06T19:05:34.305Z,2020-09-06T19:21:11.852Z,937546,de,CH
756,95516,2021-03-04T11:44:08.254Z,2021-03-04T12:01:15.655Z,1027400,de,CH
757,8431586,2019-12-16T06:56:35.047Z,2020-01-14T10:19:34.268Z,16601700,en,CA
758,8508289,2023-01-19T10:43:56.875Z,2023-02-10T09:48:03.868Z,12087880,de,CH
759,21209263,2016-06-01T09:01:31.703Z,2017-10-29T06:31:37.223Z,29522637,de,
760,24800733,2019-09-04T08:33:29.910Z,2020-03-12T14:54:15.860Z,53002565,de,CH
761,73226899,2016-11-24T09:16:45.689Z,2017-07-03T17:36:26.962Z,89960223,de,
762,0,2019-10-30T09:52:18.190Z,2020-03-27T10:20:59.424Z,928373,de,CH
763,2581258,2017-10-27T06:01:21.038Z,2018-06-12T14:12:16.379Z,3623967,de,
764,60918664,2021-01-06T08:24:03.751Z,2021-06-29T12:07:41.560Z,107732784,nl,NL
765,288115,2022-04-27T10:58:50.876Z,2022-04-27T11:34:33.196Z,2142319,ru,RU
766,13267803,2019-02-07T10:40:12.401Z,2019-06-13T08:00:14.926Z,31907232,de,CH
767,4618372,2021-03-22T12:23:34.569Z,2021-03-26T11:22:32.916Z,8720472,nl,NL
768,18782866,2022-09-14T11:42:43.067Z,2023-02-03T12:26:42.175Z,42691990,nl,NL
769,46792792,2022-09-12T11:10:52.173Z,2023-02-08T08:12:12.432Z,104974053,nl,NL
770,3499861,2017-08-31T05:43:56.262Z,2017-09-21T05:54:08.494Z,4309876,de,
771,13433458,2022-09-20T16:28:11.649Z,2023-02-09T10:27:13.725Z,35931633,nl,NL
772,19610175,2022-02-17T14:37:27.684Z,2022-12-02T11:30:10.631Z,62031165,nl,NL
773,10749253,2022-01-14T17:58:55.867Z,2023-01-21T18:28:15.195Z,18418440,de,CH
774,15325659,2021-09-13T09:26:40.536Z,2022-03-02T11:12:37.479Z,31596364,nl,NL
775,15337886,2022-04-13T07:42:29.480Z,2023-02-06T13:33:02.615Z,35416070,nl,NL
776,167880992,2017-05-15T06:55:50.773Z,2019-06-17T17:23:35.866Z,228894790,de,
777,16811020,2020-03-31T07:09:46.259Z,2022-01-22T12:07:59.760Z,36332898,de,DE
778,16588362,2018-09-24T13:01:25.625Z,2019-01-31T09:17:52.988Z,18717578,de,
779,29062063,2021-11-03T09:42:23.613Z,2022-10-01T19:13:41.837Z,49362590,de,CH
780,6113411,2022-11-28T11:10:38.131Z,2023-01-19T09:11:50.331Z,15607189,nl,NL
781,8674740,2018-09-18T08:44:07.741Z,2018-11-27T21:25:46.383Z,13340502,de,
782,5339234,2021-03-17T09:42:19.714Z,2021-05-27T12:36:09.869Z,15111378,nl,NL
783,0,2022-09-15T07:28:15.400Z,2022-09-15T07:43:52.398Z,936997,de,CH
784,31216520,2017-02-08T10:20:58.314Z,2022-10-26T10:32:15.491Z,50704174,de,
785,11164879,2015-04-13T00:47:38.473Z,2018-10-02T18:00:45.109Z,12887558,,
786,55266325,2021-09-08T08:42:17.595Z,2022-08-02T13:53:09.665Z,76628269,de,CH
787,43727626,2021-02-05T11:22:04.660Z,2021-07-13T12:31:24.100Z,67928951,de,DE
788,15846040,2021-03-04T08:01:04.996Z,2021-05-04T20:07:16.574Z,38196344,de,CH
789,1773004,2022-03-26T15:26:40.122Z,2022-09-15T07:46:06.507Z,7219570,nl,NL
790,77591696,2019-09-25T06:00:45.507Z,2020-12-08T14:14:50.216Z,140083999,de,CH
791,58513,2019-01-27T10:24:13.334Z,2020-05-06T09:16:53.755Z,308817,de,CH
792,0,2020-09-08T09:15:38.103Z,2020-09-08T09:15:47.181Z,9077,de,CH
793,60665768,2019-10-21T14:15:51.380Z,2020-07-06T06:41:20.637Z,82654422,de,CH
794,51249227,2015-10-19T09:34:05.504Z,2016-06-30T16:59:13.075Z,61701072,fr,BE
795,16361876,2016-10-25T06:41:01.708Z,2018-01-22T17:04:36.847Z,20381621,de,
796,29050193,2017-02-21T10:24:38.228Z,2018-04-27T07:34:12.003Z,32454063,de,
797,77419338,2021-01-12T12:23:42.682Z,2022-06-02T12:53:39.936Z,153168518,nl,NL
798,83505047,2016-08-24T08:31:06.390Z,2019-07-02T08:46:46.893Z,116266686,de,
799,42127976,2016-06-30T09:33:07.697Z,2020-03-30T11:49:16.870Z,53583388,de,
800,83053333,2019-10-15T12:25:51.723Z,2020-04-23T09:20:52.262Z,106612959,de,CH
801,2578880,2021-12-08T09:30:09.444Z,2022-01-07T09:04:13.302Z,5733073,de,CH
802,36343092,2021-04-29T09:26:00.237Z,2023-02-10T12:05:02.542Z,158322012,nl,NL
803,487411,2022-11-28T10:55:00.498Z,2023-02-02T11:13:07.328Z,4965138,nl,NL
804,11895577,2018-11-12T13:45:31.036Z,2019-04-07T16:21:00.001Z,22491393,de,CH
805,177968435,2021-07-13T08:34:15.287Z,2023-01-05T15:42:16.401Z,266543622,de,CH
806,1221136,2022-11-01T09:31:43.869Z,2022-11-01T09:56:35.319Z,1491450,de,CH
807,55943565,2021-06-03T07:04:10.977Z,2022-06-24T07:26:58.401Z,164627446,nl,NL
808,223930,2021-11-23T11:56:09.021Z,2021-12-03T16:18:13.473Z,2247555,de,CH
809,273577,2017-05-08T18:49:10.989Z,2017-05-08T18:55:00.112Z,329262,pt,
810,119448227,2021-09-29T09:29:25.051Z,2023-02-10T08:46:14.806Z,180920345,nl,NL
811,665039,2018-10-11T14:12:01.952Z,2019-01-16T06:31:19.362Z,2392130,de,
812,12053149,2017-10-28T10:41:38.364Z,2017-12-06T13:15:37.228Z,17162905,de,
813,20686915,2022-08-30T09:33:01.312Z,2023-02-09T08:02:14.191Z,61908523,de,CH
814,7565326,2015-09-14T09:13:22.412Z,2015-11-17T12:18:01.981Z,10390383,de,
815,56959249,2016-10-27T09:14:06.028Z,2018-07-09T18:46:22.620Z,73787708,de,
816,0,2022-12-02T08:15:43.211Z,2022-12-02T08:31:10.546Z,927334,de,CH
817,644079,2022-06-14T08:49:56.245Z,2022-09-14T13:40:02.679Z,4723650,de,CH
818,98822473,2018-11-06T13:42:43.087Z,2022-12-15T12:12:26.824Z,215854014,de,
819,97725848,2021-09-21T06:40:23.084Z,2023-02-10T10:20:49.542Z,212348803,nl,NL
820,18208480,2022-09-14T08:26:54.117Z,2022-12-20T12:22:11.377Z,29530254,de,CH
821,352288,2020-05-07T07:35:36.091Z,2020-05-28T06:56:02.984Z,1356898,de,CH
822,14769473,2020-10-22T13:51:28.427Z,2021-06-21T12:23:09.959Z,31628586,nl,NL
823,9946549,2021-01-21T12:40:54.474Z,2021-06-06T10:16:02.545Z,11749072,de,CH
824,3180607,2021-03-03T09:34:13.237Z,2021-08-16T12:04:44.482Z,10293652,de,CH
825,0,2020-09-02T14:07:15.643Z,2021-02-09T16:31:08.542Z,3688971,de,CH
826,13924588,2022-05-19T09:49:28.441Z,2023-02-10T10:13:14.791Z,48854844,nl,NL
827,15203753,2021-11-02T13:48:29.534Z,2022-09-20T10:41:34.497Z,57621440,nl,NL
828,7865350,2020-03-25T15:55:46.986Z,2020-10-10T07:18:06.353Z,12066028,de,DE
829,39733466,2021-01-14T08:31:42.258Z,2022-06-22T08:02:15.958Z,89285339,nl,NL
830,30146,2017-05-01T17:04:06.680Z,2017-06-12T05:54:20.984Z,70281,de,
831,320261,2021-04-29T13:26:31.399Z,2021-09-02T18:01:44.884Z,1583578,de,DE
832,16089286,2016-03-18T10:50:04.200Z,2017-02-06T09:54:05.653Z,29508777,de,
833,65409,2022-10-25T12:56:26.944Z,2022-10-25T13:26:01.577Z,1659032,fr,CA
834,5586488,2022-11-07T08:16:36.159Z,2023-02-08T09:12:22.816Z,14580904,nl,NL
835,22344526,2018-03-28T13:56:13.544Z,2018-05-11T15:38:55.070Z,24745576,fr,CA
836,1622650,2021-11-26T13:09:14.551Z,2022-03-14T12:16:06.058Z,3746969,nl,NL
837,36443381,2015-06-23T06:53:53.742Z,2017-06-14T14:46:08.233Z,53567035,de,
838,1930512,2020-02-12T11:43:54.447Z,2021-11-26T14:04:06.248Z,7029053,de,CH
839,35668032,2022-09-13T11:32:35.542Z,2023-02-06T12:23:07.042Z,67707976,nl,NL
840,69298200,2020-11-09T07:33:04.373Z,2022-02-23T10:56:03.032Z,121646780,nl,NL
841,2497872,2022-01-11T17:13:27.048Z,2022-01-19T13:48:56.528Z,3230220,de,CH
842,3685446,2020-06-16T08:42:18.038Z,2020-06-23T07:04:15.212Z,5235433,de,
843,63599104,2022-09-29T18:14:50.606Z,2023-02-08T13:20:22.063Z,91450151,de,CH
844,49641202,2018-08-20T10:29:01.623Z,2020-09-15T16:59:09.589Z,66621180,de,
845,19088888,2022-11-28T08:51:56.181Z,2023-02-10T10:05:06.704Z,39539775,sv,SE
846,80607579,2017-10-22T18:02:48.030Z,2018-12-19T16:40:19.201Z,215165122,de,
847,4929630,2021-02-05T17:22:26.058Z,2021-03-04T15:13:37.267Z,12708748,fr,CA
848,0,2020-04-20T07:42:30.896Z,2020-04-20T07:43:00.654Z,29758,de,CH
849,38157110,2021-07-11T09:00:25.618Z,2022-06-13T09:04:36.760Z,46013424,de,DE
850,15135864,2019-05-09T12:37:36.451Z,2020-04-04T14:20:05.696Z,28209091,de,CH
851,88335495,2020-03-26T18:20:28.863Z,2021-04-30T04:29:15.203Z,110675781,de,CH
852,21617618,2019-11-21T13:54:22.260Z,2020-11-24T14:30:45.518Z,36653738,de,CH
853,55963890,2022-08-30T09:24:35.475Z,2023-02-09T10:44:32.936Z,86311660,de,CH
854,32441754,2016-06-03T06:42:12.882Z,2016-07-15T11:32:57.252Z,37226137,de,
855,7292948,2016-03-15T10:43:21.767Z,2016-05-23T19:24:18.063Z,20719984,de,
856,90200124,2020-10-01T08:40:36.921Z,2021-07-06T09:24:05.972Z,156392551,nl,NL
857,535816,2020-01-30T16:25:10.012Z,2020-01-30T16:49:01.860Z,1424630,fr,CA
858,45539485,2019-04-19T04:58:09.963Z,2020-02-06T06:56:29.986Z,58208960,fr,CH
859,22736677,2018-12-10T15:51:57.990Z,2019-03-11T13:21:48.232Z,35424716,de,CH
860,10204618,2020-02-04T08:43:44.373Z,2020-03-13T08:44:14.503Z,23159997,nl,NL
861,17984533,2020-03-27T10:27:37.832Z,2020-06-01T08:56:19.516Z,22660664,de,DE
862,2048302,2022-08-31T17:04:26.668Z,2022-09-19T07:46:23.237Z,4834371,de,CH
863,9734549,2021-11-04T08:21:16.985Z,2023-02-10T11:13:15.051Z,27595273,de,CH
864,33422,2020-08-31T07:33:50.796Z,2020-11-24T18:45:10.555Z,1943422,de,CH
865,47372071,2022-04-06T07:26:03.856Z,2023-02-09T10:44:05.819Z,132970371,nl,NL
866,76157146,2021-05-12T09:24:58.910Z,2023-01-31T12:29:04.227Z,114039422,de,CH
867,1312137,2022-09-09T07:30:09.173Z,2022-09-20T13:10:10.597Z,4692301,de,CH
868,49488070,2022-11-09T07:43:50.377Z,2023-01-26T07:00:50.199Z,76700013,de,CH
869,111051,2022-03-29T10:37:11.036Z,2022-07-04T12:56:09.934Z,2929139,de,CH
870,52649577,2015-06-17T15:46:40.969Z,2016-05-21T15:07:32.910Z,64324358,de,
871,46007022,2022-03-01T08:50:35.503Z,2023-02-09T08:59:57.523Z,149355324,nl,NL
872,75942161,2022-02-22T08:48:58.214Z,2023-02-08T08:03:15.016Z,191095565,nl,NL
873,44185584,2015-10-30T13:01:59.852Z,2017-11-05T10:39:48.081Z,58324701,de,
874,29528163,2022-11-15T13:54:42.808Z,2023-01-30T14:09:37.060Z,46202832,de,CH
875,14792509,2016-03-03T15:57:27.236Z,2017-06-16T09:52:56.001Z,21882943,de,
876,11965569,2020-01-10T07:35:45.548Z,2020-03-27T09:54:59.380Z,28858478,nl,NL
877,17361156,2020-04-01T08:03:17.239Z,2020-05-14T09:21:05.857Z,24498807,de,CH
878,16611007,2019-02-25T13:55:40.022Z,2019-11-05T13:55:22.054Z,24056675,de,
879,34373213,2017-02-21T08:02:56.779Z,2020-05-04T07:14:12.522Z,51851409,de,
880,12788988,2020-03-24T20:49:43.947Z,2022-04-09T17:58:55.911Z,36923636,de,CH
881,32514508,2020-10-05T09:36:59.996Z,2021-12-08T08:37:47.151Z,113926246,nl,NL
882,42566757,2020-03-28T16:53:41.703Z,2020-11-12T12:58:14.378Z,62969994,de,CH
883,0,2021-02-11T10:51:56.585Z,2021-02-11T11:07:03.076Z,906490,de,CH
884,58470606,2020-11-02T19:25:37.459Z,2021-06-02T18:45:37.841Z,63797601,en,CA
885,117593819,2017-12-18T08:37:37.420Z,2019-08-24T09:33:38.504Z,259377576,en,CA
886,58932858,2020-06-03T09:16:50.865Z,2022-01-13T14:40:55.381Z,108563935,nl,NL
887,9291077,2021-01-07T13:47:56.970Z,2021-04-01T13:18:24.806Z,12452173,de,CH
888,113696679,2021-02-16T12:50:38.062Z,2022-06-30T11:23:59.402Z,140216546,nl,NL
889,0,2021-11-21T13:49:41.927Z,2021-11-21T14:05:04.747Z,922819,de,CH
890,9245042,2016-06-21T07:44:37.717Z,2017-05-29T14:06:47.966Z,12059849,de,
891,694090,2020-05-27T07:43:01.872Z,2020-05-27T08:13:10.141Z,1808269,nl,NL
892,6841425,2019-10-28T09:22:43.610Z,2020-01-30T08:00:07.485Z,15196460,de,CH
893,142721,2022-10-01T15:00:00.137Z,2022-11-24T12:52:49.687Z,2153694,de,CH
894,465760,2022-09-28T06:49:57.702Z,2022-09-28T06:58:21.827Z,504124,de,CH
895,2833061,2023-01-19T18:12:45.062Z,2023-01-27T12:34:51.146Z,5244824,de,CH
896,6193328,2017-02-21T07:26:03.636Z,2017-05-09T14:32:05.465Z,9109566,de,
897,8273787,2016-03-01T14:27:20.477Z,2016-07-14T21:59:35.996Z,15730302,de,
898,1632634,2022-09-15T20:03:16.529Z,2022-09-19T09:37:47.634Z,3876297,de,CH
899,4180032,2016-03-24T20:14:07.965Z,2016-06-24T09:49:13.176Z,5208847,de,
900,278336,2020-05-15T13:29:10.805Z,2020-05-15T13:54:16.983Z,1506178,fr,CA
901,11191018,2020-11-05T07:33:01.337Z,2021-05-03T14:37:15.558Z,22039191,de,CH
902,8189107,2021-11-05T02:08:16.757Z,2022-01-06T15:24:50.115Z,10632295,de,CH
903,43593152,2021-09-24T12:30:35.632Z,2023-01-03T12:29:13.929Z,69107258,de,CH
904,9193668,2015-12-07T14:38:25.914Z,2016-06-13T07:50:08.057Z,10767055,de,
905,750279,2022-02-16T10:19:45.710Z,2022-02-16T10:58:14.143Z,2308433,nl,NL
906,0,2022-03-10T09:03:51.424Z,2022-03-10T09:23:12.538Z,1161113,sv,SE
907,33891790,2020-09-12T10:11:50.643Z,2020-12-08T10:49:06.809Z,59807659,de,CH
908,14109471,2019-05-09T12:27:50.358Z,2020-03-20T09:55:54.688Z,16716209,de,CH
909,8973806,2017-02-13T07:21:20.007Z,2017-08-11T12:31:43.166Z,11088773,de,
910,2714759,2022-08-25T07:48:19.254Z,2022-09-22T08:07:48.765Z,8991655,nl,NL
911,190558,2020-04-07T17:35:09.531Z,2020-04-07T17:57:33.445Z,1343914,nl,NL
912,17204746,2018-09-25T09:16:38.678Z,2019-07-16T09:29:04.243Z,35164440,de,
913,5754906,2020-11-27T10:31:46.074Z,2021-05-18T11:32:54.394Z,21523834,nl,NL
914,3204265,2021-11-04T08:35:27.208Z,2022-03-03T07:51:09.708Z,10024315,nl,NL
915,23352882,2021-12-15T17:28:05.050Z,2022-06-09T09:24:45.240Z,59446353,nl,NL
916,18245944,2022-08-29T12:33:41.619Z,2023-02-07T11:02:54.385Z,40698050,de,CH
917,28891106,2020-03-24T15:37:56.374Z,2020-11-04T12:45:22.792Z,38356146,de,CH
918,42050411,2018-09-03T16:57:57.288Z,2020-10-26T18:37:23.129Z,80568587,de,
919,19399730,2021-08-25T08:53:58.614Z,2022-02-03T10:48:09.564Z,51351883,nl,NL
920,2731155,2020-02-11T12:08:43.536Z,2020-04-06T07:57:10.061Z,9291452,en,US
921,11892261,2020-11-26T08:48:59.084Z,2021-05-06T11:24:03.619Z,40498811,nb,NO
922,29038872,2021-01-11T06:06:58.045Z,2021-04-29T10:13:10.378Z,77203078,nl,NL
923,18221836,2021-09-12T12:50:33.003Z,2021-11-08T17:58:51.010Z,29112075,de,CH
924,156206567,2020-09-09T05:37:07.515Z,2022-05-24T06:13:14.448Z,204724751,de,CH
925,64315924,2021-09-20T11:43:18.744Z,2022-10-27T15:57:28.485Z,88180584,de,CH
926,11648635,2017-05-04T06:21:14.455Z,2020-04-02T10:39:25.446Z,27275834,de,
927,32809187,2020-04-14T08:55:14.331Z,2022-11-25T13:17:48.703Z,53148902,de,CH
928,24330818,2016-02-10T12:25:57.103Z,2016-05-16T08:22:08.167Z,28704607,de,
929,10850406,2017-02-20T09:26:42.200Z,2017-07-06T10:32:16.959Z,14249448,de,
930,12430515,2020-11-19T07:55:34.307Z,2021-02-04T17:34:43.374Z,17498286,de,CH
931,1457242,2023-01-09T08:46:11.064Z,2023-02-06T08:37:37.477Z,2269928,de,CH
932,3469948,2021-05-21T07:40:02.321Z,2021-06-22T07:50:53.426Z,12990435,nl,NL
933,105692191,2022-01-06T09:32:03.088Z,2023-02-09T13:33:14.061Z,203869730,de,CH
934,60321033,2021-04-19T07:32:06.369Z,2022-06-14T09:44:48.723Z,171523718,nl,NL
935,139081747,2021-09-09T11:37:47.628Z,2023-02-10T08:29:32.796Z,399203909,nl,NL
936,29967987,2020-11-27T12:46:32.184Z,2021-06-18T17:11:33.089Z,54037757,de,CH
937,57613058,2015-08-20T05:54:59.596Z,2016-02-26T12:25:59.745Z,110289572,de,
938,23906824,2018-08-27T12:45:47.285Z,2019-05-03T07:22:43.966Z,29283251,de,
939,102230621,2019-02-11T12:24:05.015Z,2021-03-16T07:24:06.557Z,190457336,de,CH
940,41998655,2022-10-27T11:34:42.249Z,2023-01-26T10:46:38.479Z,61346435,de,CH
941,0,2020-11-16T14:13:31.587Z,2021-01-14T17:06:00.415Z,1856624,de,CH
942,41028869,2018-12-17T07:28:34.326Z,2019-03-15T15:23:37.277Z,53459622,de,CH
943,6774421,2022-01-28T14:52:09.917Z,2022-12-14T12:51:20.215Z,13251342,de,CH
944,65905502,2019-10-02T13:36:52.946Z,2020-06-08T08:01:36.501Z,97009741,de,CH
945,13501305,2018-07-05T09:05:14.338Z,2019-06-14T11:37:08.594Z,21515931,de,
946,1378852,2021-05-21T06:20:59.967Z,2022-01-12T07:58:53.789Z,6573973,de,CH
947,12332096,2020-08-26T11:19:46.264Z,2022-12-16T08:43:21.049Z,18755713,de,CH
948,39701828,2016-02-08T13:38:36.658Z,2016-06-20T18:35:12.214Z,48334420,de,
949,2611902,2019-11-20T18:51:29.923Z,2019-11-21T14:24:02.755Z,3994223,de,DE
950,38020721,2022-05-24T08:09:24.809Z,2022-12-13T08:42:54.360Z,80628228,nl,NL
951,14658737,2020-03-18T06:43:06.958Z,2020-04-06T07:22:31.995Z,25066802,de,CH
952,49863339,2022-10-06T12:22:28.700Z,2023-02-09T13:22:24.469Z,137695532,nl,NL
953,15251129,2022-08-23T09:17:32.469Z,2023-02-02T12:53:35.191Z,43271745,de,CH
954,55591549,2020-09-29T10:13:32.136Z,2021-06-29T15:06:17.413Z,99593177,nl,NL
955,5600947,2020-03-31T18:05:01.877Z,2020-05-25T07:19:55.012Z,11346584,de,CH
956,79763398,2020-04-06T18:32:38.921Z,2021-07-15T06:16:53.268Z,126799851,de,CH
957,22503311,2016-09-15T11:58:17.940Z,2016-12-22T08:35:36.498Z,31109460,de,
958,74150096,2019-02-27T10:14:33.728Z,2022-06-24T05:35:47.673Z,121077462,de,CH
959,58246380,2020-03-23T11:03:41.333Z,2020-06-30T11:04:22.161Z,70680173,de,CH
960,0,2019-01-28T14:08:47.478Z,2019-01-28T14:24:13.593Z,926115,de,CH
961,165743887,2020-05-05T06:50:52.475Z,2022-06-28T17:43:45.333Z,297633316,de,CH
962,16072663,2020-03-25T15:46:37.811Z,2020-04-17T07:30:48.821Z,23814536,de,DE
963,22693969,2019-03-08T10:21:30.958Z,2022-02-03T08:40:06.613Z,26202906,de,CH
964,51496807,2022-05-30T11:47:05.762Z,2023-02-09T12:22:24.355Z,142360420,nl,NL
965,2139340,2021-04-22T17:11:41.351Z,2021-06-29T09:59:41.673Z,7882922,de,CH
966,149334263,2020-10-05T17:05:45.070Z,2022-11-16T10:16:10.114Z,264959749,nl,NL
967,3666193,2018-09-06T11:25:57.855Z,2018-09-14T11:37:15.037Z,4557120,de,
968,46566771,2016-09-17T05:51:39.871Z,2018-01-07T08:40:13.331Z,91849388,de,
969,4149846,2021-11-29T09:25:49.572Z,2022-03-07T10:01:02.653Z,9080568,de,CH
970,31366401,2020-03-18T19:08:04.041Z,2021-02-22T17:08:06.816Z,42715416,de,CH
971,41544915,2021-05-28T09:07:09.363Z,2022-06-28T09:24:21.680Z,111318800,nl,NL
972,7055391,2021-04-22T06:33:33.851Z,2021-07-05T09:11:25.441Z,11581958,nl,NL
973,11471127,2022-10-17T16:54:44.415Z,2023-02-03T13:43:57.497Z,15260915,de,CH
974,19196649,2021-09-02T07:49:55.372Z,2022-06-14T07:41:35.756Z,37870281,de,CH
975,78176084,2018-09-16T08:32:30.627Z,2020-07-28T19:09:32.886Z,96483533,de,
976,48166845,2019-11-13T06:49:46.409Z,2020-09-21T07:42:22.424Z,63785828,de,CH
977,61557521,2018-10-23T12:53:02.469Z,2021-02-23T16:53:48.896Z,87246106,de,
978,16224077,2022-03-29T08:26:24.673Z,2023-01-21T17:13:04.204Z,30213626,de,CH
979,4421442,2020-04-03T08:45:33.280Z,2022-06-21T16:34:05.992Z,12428149,de,CH
980,11739877,2022-02-15T12:38:24.539Z,2023-02-10T10:45:14.509Z,47967287,nl,NL
981,6687297,2020-03-18T10:43:36.556Z,2020-03-19T14:41:51.266Z,8834198,de,CH
982,12951033,2022-03-30T12:07:04.780Z,2022-04-27T07:13:13.404Z,27243120,sv,SE
983,21420539,2017-12-03T15:11:06.605Z,2018-08-18T13:38:18.899Z,73478320,de,
984,7944136,2020-10-30T09:39:50.607Z,2021-05-04T13:50:01.527Z,18654382,de,CH
985,0,2019-08-23T14:24:42.053Z,2019-09-06T09:52:22.233Z,1835117,de,CH
986,78457413,2020-08-17T09:18:58.260Z,2022-12-13T08:47:54.891Z,159710798,de,CH
987,233210,2019-03-11T12:48:35.083Z,2019-03-11T13:13:40.634Z,1217386,fr,FR
988,56043683,2017-03-08T16:54:31.813Z,2017-07-12T16:13:51.505Z,62063314,de,
989,82817034,2021-11-05T07:58:48.904Z,2022-07-14T07:12:06.746Z,280483136,nl,NL
990,15140548,2019-10-25T11:31:08.759Z,2020-03-06T18:25:04.239Z,31461037,de,CH
991,30024398,2019-11-06T10:30:35.650Z,2020-05-08T17:42:59.997Z,42702600,de,CH
992,862533,2021-03-15T09:59:03.198Z,2021-03-15T10:40:06.877Z,2463679,de,CH
993,19867563,2017-09-12T12:22:23.217Z,2019-01-24T12:54:21.178Z,123174199,de,
994,36276907,2020-09-17T08:45:56.178Z,2021-06-24T19:02:06.133Z,72272172,de,CH
995,8162314,2016-11-25T12:39:33.513Z,2017-01-13T12:48:39.526Z,10501963,de,
996,5481159,2022-09-22T12:27:14.552Z,2022-11-22T08:20:07.303Z,8347177,de,CH
997,5064856,2021-04-16T07:17:24.977Z,2021-06-14T11:22:58.034Z,8330840,de,DE
998,18618102,2020-08-13T12:21:18.572Z,2021-01-06T14:30:09.533Z,30169432,de,CH
999,0,2023-01-25T14:16:59.330Z,2023-01-25T14:32:46.298Z,946968,de,CH
1000,1891472,2019-09-30T10:02:30.958Z,2020-02-24T10:09:00.354Z,2442799,fr,BE
